TIMESTAMP,NEE_VUT_REF,Fpar_500m,Lai_500m,Gpp_500m,ET_500m,LE_500m,PET_500m,PLE_500m,LST_Day_1km,LST_Night_1km,LSTE_Day_1KM,LSTE_Night_1KM,sur_refl_b01,sur_refl_b02,sur_refl_b03,sur_refl_b04,sur_refl_b05,sur_refl_b06,sur_refl_b07,Maximum_temperature_BOM,Minimum_temperature_BOM,Rainfall_BOM,target_class,year,month,day_of_year,week_of_year
2011-01-01,-2.86264,0.46,1.3,0.039,13.5,4130000.0,62.6,19150000.0,32.85000000000002,15.950000000000044,33.59000000000003,17.05000000000001,69.9,227.1,34.5,57.1,273.8,213.4,127.0,30.2,20.2,0.0,S,2011,1,1,52
2011-01-09,-3.15018,0.51,1.7000000000000002,0.0407,22.9,6980000.0,47.3,14430000.0,29.23000000000001,19.350000000000023,34.110000000000014,21.03000000000003,53.3,236.7,26.200000000000003,51.2,275.3,187.0,88.7,23.2,17.0,0.0,S,2011,1,9,1
2011-01-17,-2.77379,0.5,1.5,0.0512,17.2,5270000.0,62.8,19210000.0,29.090000000000032,17.07000000000005,32.870000000000005,17.350000000000023,73.7,254.9,38.3,63.6,297.3,248.5,152.3,24.0,14.0,0.0,S,2011,1,17,3
2011-01-25,-2.86264,0.5,1.5,0.0324,13.0,3960000.0,67.0,20420000.0,35.410000000000025,17.55000000000001,35.870000000000005,19.430000000000007,80.0,238.3,40.3,66.4,301.7,256.0,162.10000000000002,29.1,12.4,0.0,S,2011,1,25,4
2011-02-02,-3.15018,0.5700000000000001,1.5,0.0487,18.8,5760000.0,44.3,13560000.0,26.77000000000004,15.390000000000043,26.69000000000005,16.99000000000001,61.7,249.4,30.6,53.7,280.40000000000003,220.2,124.4,33.0,16.4,0.0,S,2011,2,33,5
2011-02-10,-2.77379,0.46,1.5,0.0413,21.700000000000003,6630000.0,44.900000000000006,13750000.0,25.05000000000001,14.930000000000009,25.010000000000048,14.79000000000002,43.8,207.5,21.4,39.1,243.2,158.70000000000002,84.30000000000001,30.6,15.0,0.0,S,2011,2,41,6
2011-02-18,-2.86264,0.58,1.5,0.0545,18.9,5780000.0,48.1,14740000.0,27.750000000000057,13.950000000000044,28.49000000000001,14.29000000000002,56.5,223.9,30.6,50.5,254.9,202.2,117.3,29.8,17.8,0.0,S,2011,2,49,7
2011-02-26,-3.15018,0.59,1.6,0.0497,18.2,5580000.0,41.400000000000006,12710000.0,24.31,12.190000000000056,28.53000000000003,13.07000000000005,58.2,267.7,30.1,52.7,301.2,196.8,110.9,30.2,12.8,0.0,S,2011,2,57,8
2011-03-06,-2.77379,0.5700000000000001,1.6,0.045,19.700000000000003,6020000.0,44.900000000000006,13740000.0,25.670000000000016,16.470000000000027,28.83000000000004,15.910000000000023,47.8,227.7,25.5,43.2,275.40000000000003,177.4,90.5,25.9,8.8,0.0,S,2011,3,65,9
2011-03-14,-2.86264,0.59,1.6,0.0468,16.900000000000002,5200000.0,39.6,12130000.0,25.090000000000032,13.650000000000034,26.27000000000004,14.77000000000004,50.5,233.6,25.8,44.400000000000006,255.8,179.70000000000002,95.9,24.5,14.3,4.6,S,2011,3,73,11
2011-03-22,-3.15018,0.58,1.6,0.0477,15.5,4760000.0,37.7,11570000.0,21.510000000000048,11.370000000000005,23.590000000000032,11.57000000000005,49.400000000000006,221.7,27.8,44.6,249.2,180.0,97.2,25.4,17.3,10.0,S,2011,3,81,12
2011-03-30,-2.77379,0.62,1.3,0.0443,11.8,3620000.0,32.2,9910000.0,20.850000000000023,10.430000000000009,22.23000000000001,11.130000000000052,52.900000000000006,258.1,26.1,48.900000000000006,293.5,179.20000000000002,88.9,23.6,11.7,0.0,S,2011,3,89,13
2011-04-07,-2.86264,0.44,1.1,0.024,10.5,3220000.0,26.5,8140000.0,22.970000000000027,10.710000000000036,22.23000000000001,10.83000000000004,53.0,238.3,25.200000000000003,45.2,272.40000000000003,194.0,109.0,24.8,6.6,0.0,S,2011,4,97,14
2011-04-15,-3.15018,0.6,1.2000000000000002,0.0318,10.1,3100000.0,24.200000000000003,7460000.0,17.79000000000002,9.350000000000025,18.850000000000023,10.110000000000014,49.0,217.2,22.5,43.2,262.0,173.8,91.8,20.9,7.8,0.0,S,2011,4,105,15
2011-04-23,-2.77379,0.61,1.2000000000000002,0.0342,10.1,3110000.0,25.700000000000003,7900000.0,19.13000000000005,8.730000000000018,19.970000000000027,9.410000000000023,36.8,209.1,18.6,32.5,235.3,142.4,68.0,17.9,2.3,0.0,S,2011,4,113,16
2011-05-01,-2.86264,0.6900000000000001,1.5,0.0283,9.5,2930000.0,17.0,5240000.0,15.230000000000018,6.410000000000025,16.29000000000002,6.990000000000009,58.8,277.5,27.4,53.2,317.20000000000005,193.7,110.9,19.0,10.1,0.0,S,2011,5,121,17
2011-05-09,-3.15018,0.68,1.5,0.0193,7.800000000000001,2410000.0,13.6,4210000.0,12.710000000000036,5.550000000000011,14.750000000000057,6.010000000000048,39.8,247.5,17.900000000000002,36.0,273.2,150.1,71.7,15.3,4.7,0.0,S,2011,5,129,19
2011-05-17,-2.77379,0.66,1.4,0.0185,9.2,2850000.0,13.4,4150000.0,14.79000000000002,7.090000000000032,0.0,8.230000000000018,70.9,299.40000000000003,32.0,59.0,306.0,220.3,109.0,16.7,9.1,0.0,S,2011,5,137,20
2011-05-25,-2.86264,0.66,1.5,0.0204,8.3,2560000.0,13.4,4140000.0,11.450000000000044,4.730000000000018,13.33000000000004,6.190000000000055,33.5,229.6,17.2,31.5,217.5,118.3,40.1,13.2,2.4,0.0,S,2011,5,145,21
2011-06-02,-3.15018,0.62,1.3,0.0163,7.1000000000000005,2200000.0,12.1,3740000.0,9.010000000000048,3.2700000000000387,12.230000000000018,3.5300000000000296,47.3,287.1,19.9,47.1,301.1,163.3,69.8,18.0,2.2,0.0,S,2011,6,153,22
2011-06-10,-2.77379,0.6,1.2000000000000002,0.0169,6.300000000000001,1940000.0,11.5,3570000.0,11.050000000000011,4.170000000000016,12.970000000000027,5.3700000000000045,40.1,213.8,21.200000000000003,38.1,217.4,135.20000000000002,59.6,14.2,3.2,0.0,S,2011,6,161,23
2011-06-18,-2.86264,0.7000000000000001,1.6,0.0172,8.8,2710000.0,11.4,3530000.0,8.970000000000027,3.750000000000057,9.930000000000009,4.03000000000003,37.6,302.40000000000003,18.0,39.1,265.3,137.5,51.7,16.4,4.9,0.0,S,2011,6,169,24
2011-06-26,-3.15018,0.66,1.5,0.0181,8.200000000000001,2530000.0,12.1,3730000.0,11.130000000000052,3.57000000000005,11.490000000000007,3.650000000000034,34.0,207.5,16.6,30.1,207.9,120.5,50.900000000000006,14.4,2.8,0.0,S,2011,6,177,25
2011-07-04,-2.77379,0.68,1.5,0.0127,7.300000000000001,2280000.0,9.7,3000000.0,9.29000000000002,4.650000000000034,9.970000000000027,5.650000000000034,28.5,197.9,13.4,26.3,220.0,104.8,40.8,14.0,8.0,16.0,S,2011,7,185,27
2011-07-12,-2.86264,0.63,1.3,0.0133,6.7,2070000.0,10.0,3090000.0,7.730000000000018,5.330000000000041,0.0,5.990000000000009,44.5,340.5,19.8,44.6,330.40000000000003,140.0,52.6,11.2,5.9,0.0,S,2011,7,193,28
2011-07-20,-3.15018,0.61,1.2000000000000002,0.0158,7.300000000000001,2270000.0,12.1,3730000.0,10.590000000000032,3.850000000000023,11.470000000000027,5.4500000000000455,32.800000000000004,205.5,17.7,30.5,235.5,129.20000000000002,59.7,14.9,7.3,0.0,S,2011,7,201,29
2011-07-28,-2.77379,0.6,1.2000000000000002,0.0216,8.6,2650000.0,18.0,5540000.0,12.57000000000005,9.57000000000005,11.79000000000002,10.53000000000003,32.800000000000004,193.6,15.3,29.0,202.4,120.0,50.400000000000006,13.9,-2.1,0.0,S,2011,7,209,30
2011-08-05,-2.86264,0.61,1.2000000000000002,0.021,8.5,2630000.0,14.9,4610000.0,11.170000000000016,4.57000000000005,10.970000000000027,4.910000000000025,42.3,245.4,17.6,39.7,273.40000000000003,140.4,69.10000000000001,18.1,7.2,0.0,S,2011,8,217,31
2011-08-13,-3.15018,0.61,1.2000000000000002,0.0216,9.6,2980000.0,16.400000000000002,5080000.0,14.250000000000057,6.8700000000000045,16.090000000000032,7.230000000000018,33.7,206.2,15.0,33.4,227.8,119.2,42.6,11.9,0.6,0.0,S,2011,8,225,32
2011-08-21,-2.77379,0.5700000000000001,1.1,0.0285,9.3,2860000.0,25.4,7840000.0,15.090000000000032,5.07000000000005,15.350000000000025,4.890000000000043,39.2,204.8,18.3,35.0,246.4,150.20000000000002,86.10000000000001,17.1,0.4,0.0,S,2011,8,233,33
2011-08-29,-2.86264,0.61,1.2000000000000002,0.0335,10.9,3350000.0,25.200000000000003,7780000.0,15.130000000000052,7.210000000000036,18.77000000000004,7.930000000000007,42.7,194.9,22.3,38.0,239.6,156.4,81.10000000000001,15.5,5.0,0.8,S,2011,8,241,35
2011-09-06,-3.15018,0.41,0.9,0.0268,8.6,2650000.0,24.6,7610000.0,13.150000000000034,4.53000000000003,13.53000000000003,5.710000000000036,104.5,291.6,65.0,96.7,287.6,217.0,139.0,17.2,8.8,0.0,S,2011,9,249,36
2011-09-14,-2.77379,0.48,0.8,0.0314,8.9,2760000.0,32.9,10130000.0,21.69000000000005,6.590000000000032,22.27000000000004,6.930000000000007,50.0,204.0,26.1,43.2,247.0,182.5,100.4,19.7,6.1,0.0,S,2011,9,257,37
2011-09-22,-2.86264,0.46,1.1,0.0267,9.2,2840000.0,31.8,9820000.0,20.15000000000004,7.350000000000023,20.970000000000027,8.03000000000003,52.900000000000006,202.3,25.9,44.3,263.6,197.7,116.1,23.6,5.6,0.0,S,2011,9,265,38
2011-09-30,-3.15018,0.34,0.8,0.0234,10.9,3350000.0,33.7,10390000.0,19.33000000000004,7.110000000000014,19.55000000000001,7.870000000000003,47.0,188.8,22.6,41.1,244.0,170.20000000000002,90.5,15.9,6.5,0.4,S,2011,9,273,39
2011-10-08,-2.77379,0.49,1.3,0.0378,12.6,3870000.0,38.7,11910000.0,24.370000000000005,8.770000000000039,25.250000000000057,9.57000000000005,56.3,202.9,28.8,46.2,273.0,200.2,115.3,20.7,8.9,1.6,S,2011,10,281,40
2011-10-16,-2.86264,0.45,1.1,0.0318,11.3,3460000.0,45.2,13860000.0,28.870000000000005,8.770000000000039,29.930000000000007,9.210000000000036,65.60000000000001,198.8,32.6,52.900000000000006,274.2,230.2,142.70000000000002,18.0,4.8,0.0,S,2011,10,289,41
2011-10-24,-3.15018,0.49,1.2000000000000002,0.0403,14.4,4450000.0,41.1,12620000.0,26.83000000000004,10.190000000000056,28.05000000000001,10.83000000000004,55.900000000000006,184.6,30.1,45.5,240.1,207.0,123.1,20.9,15.7,0.0,S,2011,10,297,43
2011-11-01,-2.77379,0.43,1.3,0.0362,14.2,4350000.0,46.6,14280000.0,31.65000000000004,13.110000000000014,32.25000000000006,13.670000000000016,60.3,188.6,31.1,47.6,245.9,216.1,125.5,21.7,9.6,0.0,S,2011,11,305,44
2011-11-09,-2.86264,0.41,1.2000000000000002,0.0391,12.5,3820000.0,53.1,16270000.0,31.170000000000016,12.77000000000004,31.430000000000007,13.490000000000007,72.5,215.0,38.6,59.400000000000006,283.3,250.5,150.5,28.9,17.1,2.4,S,2011,11,313,45
2011-11-17,-3.15018,0.45,1.4,0.0394,13.7,4190000.0,54.400000000000006,16660000.0,30.350000000000023,11.650000000000034,30.870000000000005,11.77000000000004,60.900000000000006,180.6,31.3,49.2,242.0,211.8,124.0,27.3,8.8,0.0,S,2011,11,321,46
2011-11-25,-2.77379,0.46,1.4,0.0428,14.5,4440000.0,56.1,17210000.0,24.83000000000004,11.890000000000043,25.750000000000057,13.010000000000048,82.80000000000001,226.1,41.5,67.3,295.8,281.3,174.10000000000002,20.1,15.1,0.6,S,2011,11,329,47
2011-12-03,-2.43336,0.34,1.0,0.0322,9.3,2840000.0,63.1,19340000.0,31.390000000000043,14.010000000000048,32.89000000000004,14.810000000000002,77.30000000000001,201.0,39.7,61.400000000000006,265.1,258.40000000000003,161.3,22.8,9.8,0.0,S,2011,12,337,48
2011-12-11,-3.02463,0.37,1.1,0.0357,10.6,3240000.0,57.0,17480000.0,34.670000000000016,13.250000000000057,35.55000000000001,13.730000000000018,57.3,177.8,29.4,45.7,251.4,210.3,126.6,21.8,16.7,7.2,S,2011,12,345,49
2011-12-19,-0.716406,0.37,1.1,0.0331,10.9,3340000.0,60.5,18490000.0,30.590000000000032,17.010000000000048,32.05000000000001,15.230000000000018,58.0,181.1,29.8,46.8,235.1,210.4,123.1,27.0,17.2,12.4,NS,2011,12,353,51
2011-12-27,-2.11303,0.42,1.3,0.0225,7.5,3650000.0,43.900000000000006,21450000.0,35.21000000000004,16.610000000000014,36.71000000000004,17.27000000000004,72.7,210.9,37.3,57.8,275.7,242.7,144.20000000000002,23.3,12.6,0.0,S,2011,12,361,52
2012-01-01,0.325549,0.42,1.3,0.0217,8.1,2460000.0,64.8,19760000.0,40.190000000000055,17.03000000000003,39.910000000000025,18.81,72.7,210.9,37.3,57.8,275.7,242.7,144.20000000000002,36.1,15.9,0.0,NS,2012,1,1,52
2012-01-09,-3.08112,0.46,1.1,0.0467,11.7,3580000.0,63.8,19540000.0,30.73000000000001,15.29000000000002,28.410000000000025,15.650000000000034,66.7,195.0,32.7,51.6,264.8,219.5,133.70000000000002,24.2,7.9,0.8,S,2012,1,9,2
2012-01-17,-0.180088,0.41,1.2000000000000002,0.0237,10.1,3070000.0,66.5,20270000.0,37.610000000000014,18.670000000000016,39.110000000000014,19.19000000000005,77.7,202.9,39.2,60.900000000000006,268.90000000000003,242.3,147.70000000000002,33.7,20.0,0.0,NS,2012,1,17,3
2012-01-25,-0.351641,0.42,1.0,0.0285,9.3,2850000.0,66.3,20220000.0,36.43000000000001,16.03000000000003,39.85000000000002,16.590000000000032,96.5,241.1,47.2,75.7,323.3,282.8,177.4,33.8,13.8,0.0,NS,2012,1,25,4
2012-02-02,-1.08014,0.46,1.1,0.0374,10.8,3300000.0,58.6,17940000.0,32.370000000000005,14.670000000000016,32.79000000000002,14.950000000000044,70.9,209.7,36.4,56.6,280.6,225.1,133.70000000000002,27.6,12.7,0.0,NS,2012,2,33,5
2012-02-10,0.645185,0.46,1.1,0.0313,10.5,3210000.0,51.8,15830000.0,28.430000000000007,16.190000000000055,29.79000000000002,16.890000000000043,62.1,194.0,32.7,50.0,239.3,208.8,122.8,28.6,13.4,0.0,NS,2012,2,41,6
2012-02-18,-0.361453,0.5,1.2000000000000002,0.0236,9.7,2970000.0,52.1,15880000.0,35.83000000000004,17.850000000000023,32.35000000000002,18.250000000000057,67.2,204.0,33.1,54.2,279.6,226.9,139.9,31.9,15.5,0.0,NS,2012,2,49,7
2012-02-26,-0.941602,0.11,0.2,0.0278,13.8,4220000.0,32.800000000000004,10060000.0,0.0,15.810000000000002,0.0,15.950000000000044,274.40000000000003,358.1,284.1,278.8,353.5,282.90000000000003,169.3,32.1,18.4,0.0,NS,2012,2,57,8
2012-03-05,-0.76908,0.49,1.3,0.0434,12.4,3810000.0,46.8,14340000.0,23.71000000000004,13.870000000000005,24.57000000000005,14.950000000000044,56.0,195.7,29.0,46.5,257.40000000000003,197.3,120.6,22.1,12.5,0.0,NS,2012,3,65,10
2012-03-13,-0.25029,0.39,1.0,0.0269,9.9,3040000.0,40.8,12480000.0,25.910000000000025,14.33000000000004,27.57000000000005,14.510000000000048,55.1,193.0,26.5,46.3,262.0,201.4,124.8,27.9,10.6,0.0,NS,2012,3,73,11
2012-03-21,1.16013,0.43,1.1,0.0296,9.4,2880000.0,34.300000000000004,10540000.0,23.110000000000014,9.990000000000007,24.13000000000005,10.27000000000004,48.5,191.2,23.700000000000003,40.7,230.9,177.0,94.7,22.7,16.9,0.0,NS,2012,3,81,12
2012-03-29,-1.53609,0.49,0.9,0.0312,8.8,2700000.0,38.1,11670000.0,26.07000000000005,13.510000000000048,27.83000000000004,14.010000000000048,47.7,190.2,23.3,41.7,233.0,170.0,89.80000000000001,24.7,8.6,0.0,NS,2012,3,89,13
2012-04-06,-0.789883,0.49,0.9,0.0278,6.9,2120000.0,31.200000000000003,9590000.0,20.850000000000023,7.510000000000048,21.07000000000005,8.53000000000003,46.900000000000006,189.1,25.9,39.7,229.2,170.70000000000002,90.2,27.7,9.7,0.0,NS,2012,4,97,14
2012-04-14,-1.45296,0.52,1.0,0.0292,10.1,3090000.0,29.9,9180000.0,22.250000000000057,10.710000000000036,24.03000000000003,10.970000000000027,36.3,177.4,19.6,31.200000000000003,215.7,137.20000000000002,62.8,24.1,4.8,0.0,NS,2012,4,105,15
2012-04-22,0.229762,0.51,1.0,0.0227,8.0,2470000.0,20.700000000000003,6380000.0,16.55000000000001,8.190000000000055,15.690000000000056,8.430000000000007,43.0,191.7,21.3,37.7,241.6,150.5,77.4,22.7,14.6,9.6,NS,2012,4,113,16
2012-04-30,-1.21324,0.5700000000000001,1.1,0.0234,8.200000000000001,2550000.0,18.5,5700000.0,13.750000000000057,6.07000000000005,14.33000000000004,6.03000000000003,44.5,237.8,22.8,41.7,278.6,148.70000000000002,65.3,17.2,4.4,0.0,NS,2012,4,121,18
2012-05-08,-1.98928,0.55,1.0,0.022,5.9,1830000.0,18.3,5630000.0,14.450000000000044,6.130000000000052,13.83000000000004,6.210000000000036,39.2,213.0,18.2,36.1,232.3,136.1,63.6,19.5,9.4,0.0,S,2012,5,129,19
2012-05-16,-1.6163,0.53,1.0,0.0187,6.7,2070000.0,17.900000000000002,5530000.0,13.810000000000002,3.0300000000000296,13.630000000000052,3.790000000000021,35.6,184.0,17.7,30.6,225.7,135.0,63.5,17.1,8.2,0.0,NS,2012,5,137,20
2012-05-24,0.389231,0.52,1.0,0.0137,5.9,1840000.0,10.8,3340000.0,12.370000000000005,4.090000000000032,12.27000000000004,5.430000000000007,34.0,182.5,15.6,27.8,227.4,122.5,57.0,15.1,8.1,0.0,NS,2012,5,145,21
2012-06-01,-0.413214,0.59,1.1,0.0141,6.300000000000001,1940000.0,11.1,3420000.0,11.590000000000032,4.990000000000009,15.130000000000052,5.650000000000034,37.9,233.6,17.1,37.9,269.5,151.3,69.5,15.4,2.6,0.0,NS,2012,6,153,22
2012-06-09,0.324521,0.56,1.1,0.0139,6.800000000000001,2100000.0,11.0,3410000.0,11.050000000000011,3.050000000000012,11.870000000000005,4.2900000000000205,41.400000000000006,224.7,20.4,38.1,264.8,145.0,70.8,12.8,7.9,0.0,NS,2012,6,161,23
2012-06-17,-1.05927,0.47,0.9,0.0089,6.4,1990000.0,9.1,2820000.0,9.970000000000027,2.890000000000043,10.090000000000032,2.5300000000000296,27.4,165.70000000000002,13.9,23.9,200.7,97.1,33.7,15.5,3.3,0.0,NS,2012,6,169,24
2012-06-25,-0.617459,0.6,1.2000000000000002,0.0105,7.0,2160000.0,9.1,2820000.0,9.670000000000016,4.190000000000055,10.170000000000016,4.890000000000043,43.2,228.3,20.8,42.2,269.7,151.6,68.4,15.3,7.2,0.0,NS,2012,6,177,26
2012-07-03,-0.369704,0.56,1.1,0.0124,6.300000000000001,1950000.0,10.8,3330000.0,8.910000000000025,1.6100000000000136,9.650000000000034,2.0300000000000296,34.1,200.9,17.3,30.200000000000003,214.2,123.7,45.7,13.8,2.9,0.0,NS,2012,7,185,27
2012-07-11,0.378072,0.56,1.1,0.0129,7.7,2400000.0,10.7,3310000.0,6.890000000000043,4.07000000000005,9.550000000000011,3.770000000000039,38.400000000000006,247.7,16.7,37.0,245.3,129.6,43.2,13.1,9.3,10.0,NS,2012,7,193,28
2012-07-19,-1.37892,0.48,0.9,0.0117,7.5,2330000.0,11.6,3600000.0,12.250000000000057,4.430000000000007,13.250000000000057,4.650000000000034,40.900000000000006,231.2,16.1,41.3,267.90000000000003,141.20000000000002,71.10000000000001,13.1,-1.5,0.0,NS,2012,7,201,29
2012-07-27,-0.516201,0.61,1.3,0.0169,7.4,2290000.0,13.4,4160000.0,10.750000000000057,4.670000000000016,11.050000000000011,4.670000000000016,38.7,180.5,18.4,34.1,213.1,148.4,68.10000000000001,12.2,7.7,7.0,NS,2012,7,209,30
2012-08-04,-1.4652,0.43,0.8,0.0139,6.800000000000001,2110000.0,15.2,4710000.0,12.090000000000032,4.330000000000041,14.910000000000023,4.350000000000023,31.8,201.9,16.1,30.6,220.8,136.6,55.400000000000006,15.3,4.8,0.0,NS,2012,8,217,31
2012-08-12,-1.58074,0.49,0.9,0.0142,7.300000000000001,2270000.0,13.8,4280000.0,13.130000000000052,4.190000000000055,13.610000000000014,4.350000000000023,42.3,189.6,20.5,37.1,251.0,151.0,75.7,15.2,4.6,0.0,NS,2012,8,225,32
2012-08-20,-1.40402,0.5,0.9,0.0201,9.3,2890000.0,20.200000000000003,6260000.0,12.090000000000032,2.890000000000043,12.350000000000025,4.550000000000011,41.0,185.3,19.8,36.4,222.3,157.0,73.5,11.7,2.9,0.0,NS,2012,8,233,34
2012-08-28,-2.67566,0.48,0.9,0.0231,7.6,2360000.0,27.9,8620000.0,15.690000000000056,6.010000000000048,15.990000000000007,6.3700000000000045,45.6,174.9,24.5,38.900000000000006,221.7,172.0,90.0,15.9,3.2,0.0,S,2012,8,241,35
2012-09-05,1.22283,0.43,0.7000000000000001,0.0225,8.5,2610000.0,28.3,8730000.0,18.57000000000005,3.590000000000032,18.510000000000048,3.3700000000000045,51.2,186.5,26.1,44.400000000000006,227.9,188.2,99.8,17.6,9.7,0.0,NS,2012,9,249,36
2012-09-13,-1.40086,0.18,0.3,0.0229,11.6,3590000.0,24.6,7600000.0,0.0,6.630000000000052,0.0,7.53000000000003,141.1,313.3,117.4,140.70000000000002,369.4,245.6,153.70000000000002,13.4,5.4,1.325,NS,2012,9,257,37
2012-09-21,-1.94529,0.47,1.2000000000000002,0.0278,9.6,2970000.0,34.300000000000004,10580000.0,18.370000000000005,6.150000000000034,18.970000000000027,6.690000000000055,66.5,219.6,35.5,58.400000000000006,291.40000000000003,221.7,139.5,19.3,6.7,0.0,S,2012,9,265,38
2012-09-29,-2.55803,0.35,0.8,0.0232,8.200000000000001,2540000.0,38.5,11860000.0,24.57000000000005,7.53000000000003,24.71000000000004,8.690000000000055,47.400000000000006,168.4,24.0,38.400000000000006,230.8,187.1,106.8,13.3,5.3,3.2,S,2012,9,273,39
2012-10-07,-2.05807,0.42,1.0,0.0294,9.7,3010000.0,36.2,11170000.0,19.65000000000004,6.310000000000002,17.370000000000005,6.850000000000023,77.10000000000001,244.0,54.1,72.10000000000001,323.3,209.3,115.0,15.4,3.0,19.0,S,2012,10,281,40
2012-10-15,-1.7023,0.39,0.9,0.0291,9.0,2770000.0,41.7,12820000.0,21.55000000000001,9.57000000000005,21.33000000000004,9.870000000000005,70.9,198.9,35.0,57.5,288.2,240.9,156.4,28.2,5.8,0.0,NS,2012,10,289,42
2012-10-23,-3.04905,0.37,1.1,0.0276,7.800000000000001,2390000.0,46.6,14310000.0,23.57000000000005,8.410000000000025,26.29000000000002,8.950000000000045,48.2,173.8,27.3,40.400000000000006,224.7,180.6,101.8,21.8,-0.3,0.0,S,2012,10,297,43
2012-10-31,-0.137158,0.33,0.9,0.0244,8.3,2540000.0,47.6,14610000.0,28.850000000000023,13.990000000000007,27.81,14.79000000000002,97.7,224.5,55.8,81.0,295.7,245.4,150.3,33.3,8.3,0.0,NS,2012,10,305,44
2012-11-08,-2.09521,0.38,1.1,0.0342,8.9,2730000.0,53.5,16440000.0,31.07000000000005,12.490000000000007,32.910000000000025,12.670000000000016,70.0,181.5,36.4,55.5,262.0,229.1,145.8,26.0,10.9,0.0,S,2012,11,313,45
2012-11-16,-2.42849,0.44,1.3,0.0412,11.7,3590000.0,55.0,16870000.0,32.71000000000004,11.450000000000044,33.25000000000006,12.510000000000048,97.1,215.1,54.2,77.9,283.3,267.2,170.60000000000002,20.1,8.6,0.0,S,2012,11,321,46
2012-11-24,-0.524543,0.38,1.1,0.0291,12.5,3810000.0,55.6,16950000.0,39.21000000000004,18.390000000000043,40.31,17.170000000000016,82.9,218.7,41.6,66.3,287.5,253.9,149.6,34.0,11.7,0.0,NS,2012,11,329,47
2012-12-02,-2.42197,0.52,1.6,0.0518,16.7,5120000.0,58.900000000000006,18060000.0,30.81,13.190000000000056,33.43000000000001,14.450000000000044,76.60000000000001,208.1,37.3,60.8,300.1,242.1,152.4,23.7,10.5,0.0,S,2012,12,337,48
2012-12-10,-1.55911,0.39,1.1,0.0321,11.4,3500000.0,58.900000000000006,18020000.0,35.55000000000001,15.130000000000052,36.89000000000004,16.210000000000036,89.30000000000001,233.3,46.2,71.2,322.40000000000003,264.1,158.0,28.1,9.6,0.0,NS,2012,12,345,50
2012-12-18,-1.50331,0.38,1.1,0.0305,9.6,2930000.0,64.10000000000001,19600000.0,37.57000000000005,15.310000000000002,38.93000000000001,15.430000000000009,75.60000000000001,207.9,38.900000000000006,60.6,273.90000000000003,243.0,146.70000000000002,29.8,9.3,0.0,NS,2012,12,353,51
2012-12-26,-1.68526,0.35,0.9,0.0257,6.6000000000000005,2680000.0,48.900000000000006,19970000.0,34.370000000000005,14.410000000000023,33.910000000000025,15.090000000000032,93.1,205.9,48.5,72.0,286.1,269.2,179.9,28.7,10.8,0.0,NS,2012,12,361,52
2013-01-01,-0.833469,0.38,1.1,0.0161,6.2,1900000.0,73.4,22340000.0,40.85000000000002,20.27000000000004,43.370000000000005,22.57000000000005,83.9,220.5,43.8,66.4,299.40000000000003,248.8,141.0,34.1,12.7,0.0,NS,2013,1,1,1
2013-01-09,-2.41883,0.38,1.0,0.0233,7.0,2150000.0,63.6,19430000.0,35.57000000000005,15.83000000000004,36.170000000000016,16.670000000000016,80.5,215.0,41.8,64.0,274.8,239.3,138.70000000000002,24.0,11.2,0.0,S,2013,1,9,2
2013-01-17,0.221074,0.4,1.1,0.0222,7.6,2340000.0,65.10000000000001,19850000.0,40.59000000000003,18.33000000000004,39.73000000000002,19.750000000000057,70.8,198.5,36.1,54.6,269.40000000000003,214.3,119.5,40.7,14.7,0.0,NS,2013,1,17,3
2013-01-25,-0.173483,0.39,0.9,0.0341,8.8,2690000.0,59.3,18160000.0,35.09000000000003,14.470000000000027,35.670000000000016,15.310000000000002,85.2,224.4,43.900000000000006,67.3,292.6,241.5,141.5,31.6,19.2,0.0,NS,2013,1,25,4
2013-02-02,-2.33356,0.42,1.2000000000000002,0.0197,7.1000000000000005,2180000.0,60.3,18370000.0,36.63000000000005,17.150000000000034,37.59000000000003,18.590000000000032,85.0,236.1,44.1,66.3,316.6,246.7,145.4,24.7,9.6,0.0,S,2013,2,33,5
2013-02-10,-2.58783,0.45,1.0,0.0201,7.5,2270000.0,60.0,18280000.0,34.55000000000001,18.370000000000005,37.110000000000014,17.850000000000023,79.80000000000001,221.2,41.2,62.7,277.0,224.2,123.0,26.8,15.3,0.0,S,2013,2,41,6
2013-02-18,-0.892796,0.45,1.1,0.0153,7.0,2120000.0,58.900000000000006,17920000.0,35.59000000000003,19.410000000000025,36.870000000000005,20.69000000000005,93.7,251.5,47.900000000000006,73.5,309.1,252.6,145.20000000000002,33.9,17.4,0.0,NS,2013,2,49,8
2013-02-26,0.997432,0.46,1.1,0.0327,10.6,3240000.0,50.0,15300000.0,30.27000000000004,15.590000000000032,28.390000000000043,16.53000000000003,79.4,235.7,39.0,63.400000000000006,289.90000000000003,241.7,134.4,29.4,17.1,12.6,NS,2013,2,57,9
2013-03-06,-0.1499,0.45,1.1,0.018,7.9,2400000.0,52.2,15900000.0,35.71000000000004,19.390000000000043,38.23000000000002,20.250000000000057,77.30000000000001,210.3,38.900000000000006,59.3,265.1,231.8,139.9,32.0,13.2,0.0,NS,2013,3,65,10
2013-03-14,-0.895051,0.53,1.3,0.0369,11.9,3640000.0,38.2,11700000.0,28.170000000000016,13.130000000000052,27.49000000000001,13.810000000000002,67.2,213.9,31.4,52.7,282.0,203.9,105.8,25.0,13.7,0.0,NS,2013,3,73,11
2013-03-22,0.598167,0.46,1.1,0.0279,9.3,2860000.0,38.3,11740000.0,25.950000000000045,11.57000000000005,28.33000000000004,12.490000000000007,62.8,208.6,30.5,49.5,255.1,204.5,105.5,19.5,8.6,12.0,NS,2013,3,81,12
2013-03-30,-0.2486,0.43,0.7000000000000001,0.0323,10.2,3130000.0,33.4,10270000.0,23.77000000000004,10.77000000000004,26.07000000000005,11.29000000000002,94.9,237.4,50.900000000000006,76.80000000000001,274.90000000000003,240.1,147.0,20.3,5.9,0.0,NS,2013,3,89,13
2013-04-07,-0.761666,0.47,1.1,0.0228,8.700000000000001,2670000.0,30.700000000000003,9400000.0,24.670000000000016,13.130000000000052,26.750000000000057,14.050000000000011,72.3,226.3,37.8,56.5,303.8,238.7,143.8,26.3,8.0,0.0,NS,2013,4,97,14
2013-04-15,-1.77208,0.47,0.9,0.0253,7.6,2330000.0,24.4,7520000.0,19.890000000000043,8.910000000000025,22.15000000000004,9.29000000000002,58.2,202.2,29.5,45.0,266.1,186.8,108.7,19.7,10.9,0.0,S,2013,4,105,16
2013-04-23,-0.763162,0.52,1.0,0.0257,8.1,2490000.0,25.1,7730000.0,19.390000000000043,8.79000000000002,19.850000000000023,8.690000000000055,58.5,211.0,28.700000000000003,45.7,253.6,189.3,99.3,19.2,10.2,2.6,NS,2013,4,113,17
2013-05-01,-0.30862,0.52,0.9,0.0225,6.1000000000000005,1870000.0,21.0,6470000.0,15.930000000000009,4.8700000000000045,16.450000000000045,5.03000000000003,50.3,191.2,25.5,40.6,240.4,179.4,94.7,17.0,5.8,0.0,NS,2013,5,121,18
2013-05-09,-1.15958,0.43,0.8,0.0154,6.2,1920000.0,18.9,5830000.0,18.670000000000016,7.890000000000043,23.13000000000005,8.390000000000043,47.5,184.7,24.1,36.4,235.1,163.20000000000002,76.80000000000001,23.2,4.7,0.0,NS,2013,5,129,19
2013-05-17,-0.231093,0.51,0.9,0.0153,6.6000000000000005,2050000.0,14.4,4460000.0,13.690000000000056,4.770000000000039,14.970000000000027,5.730000000000018,51.400000000000006,206.1,29.6,42.6,245.1,145.70000000000002,82.7,16.0,4.1,0.6,NS,2013,5,137,20
2013-05-25,-0.297603,0.44,0.8,0.0116,6.7,2080000.0,11.4,3510000.0,13.350000000000025,5.110000000000014,13.650000000000034,5.230000000000018,50.900000000000006,180.3,25.6,40.3,211.4,150.4,71.7,17.4,0.7,0.0,NS,2013,5,145,21
2013-06-02,0.876005,0.41,0.7000000000000001,0.0103,6.5,2020000.0,12.0,3720000.0,6.910000000000025,4.630000000000052,5.410000000000025,4.2900000000000205,431.3,523.4,398.3,426.3,532.7,429.2000000000001,277.90000000000003,15.4,9.5,10.6,NS,2013,6,153,22
2013-06-10,-0.544491,0.6,1.2000000000000002,0.0106,5.800000000000001,1790000.0,10.2,3140000.0,12.110000000000014,4.910000000000025,12.83000000000004,6.53000000000003,34.7,173.8,15.9,30.8,207.5,145.3,66.5,14.9,2.2,0.0,NS,2013,6,161,24
2013-06-18,-0.0738032,0.49,0.9,0.0127,6.0,1850000.0,12.4,3830000.0,8.930000000000007,1.7500000000000568,9.650000000000034,2.3100000000000023,40.1,178.4,18.0,34.9,234.8,152.9,77.7,14.5,4.2,0.0,NS,2013,6,169,25
2013-06-26,-1.0067,0.47,0.9,0.0133,7.300000000000001,2240000.0,12.7,3940000.0,11.53000000000003,3.850000000000023,13.250000000000057,4.330000000000041,37.8,168.70000000000002,18.5,30.9,221.8,139.6,67.10000000000001,16.0,0.2,0.0,NS,2013,6,177,26
2013-07-04,-1.50158,0.47,0.8,0.0113,6.1000000000000005,1900000.0,12.0,3700000.0,9.07000000000005,4.090000000000032,9.210000000000036,4.350000000000023,34.7,164.9,19.0,29.200000000000003,201.1,130.5,54.900000000000006,14.6,6.2,0.0,NS,2013,7,185,27
2013-07-12,-1.27148,0.41,0.7000000000000001,0.0103,7.1000000000000005,2180000.0,10.0,3090000.0,10.450000000000044,11.090000000000032,10.450000000000044,11.650000000000034,31.700000000000003,158.10000000000002,15.3,26.5,209.3,125.4,54.3,15.2,-0.1,0.0,NS,2013,7,193,28
2013-07-20,-0.121656,0.59,1.2000000000000002,0.0075,6.300000000000001,1970000.0,9.2,2860000.0,9.510000000000048,4.970000000000027,10.430000000000009,5.110000000000014,43.3,212.1,21.0,45.2,228.2,156.10000000000002,61.2,8.7,6.3,13.4,NS,2013,7,201,29
2013-07-28,-0.533367,0.35,0.6000000000000001,0.0096,7.300000000000001,2260000.0,14.1,4370000.0,12.750000000000057,4.2900000000000205,14.250000000000057,5.050000000000011,38.6,207.1,13.0,38.7,243.8,152.9,64.5,15.0,8.1,0.0,NS,2013,7,209,30
2013-08-05,-0.522596,0.47,0.8,0.0163,8.0,2460000.0,16.900000000000002,5210000.0,12.470000000000027,4.970000000000027,12.470000000000027,5.650000000000034,38.3,181.0,17.6,36.3,189.4,124.6,39.7,13.2,8.2,0.4,NS,2013,8,217,32
2013-08-13,-1.49453,0.54,1.0,0.0192,7.800000000000001,2410000.0,17.6,5440000.0,12.490000000000007,5.490000000000009,13.450000000000044,6.690000000000055,36.5,162.20000000000002,18.9,31.8,201.8,132.6,56.3,14.0,2.8,0.0,NS,2013,8,225,33
2013-08-21,-2.25279,0.44,0.7000000000000001,0.0161,10.2,3140000.0,15.2,4700000.0,12.350000000000025,9.890000000000043,14.930000000000009,0.0,73.4,254.9,48.7,71.8,300.90000000000003,196.3,94.1,10.9,-0.8,0.6599999999999999,S,2013,8,233,34
2013-08-29,0.551321,0.42,0.7000000000000001,0.0237,11.2,3460000.0,24.5,7530000.0,20.970000000000027,10.170000000000016,21.450000000000045,10.350000000000025,40.2,164.3,19.200000000000003,33.1,226.8,151.6,73.5,19.0,14.2,0.0,NS,2013,8,241,35
2013-09-06,2.20087,0.5,1.3,0.0238,10.7,3320000.0,23.200000000000003,7170000.0,17.170000000000016,6.57000000000005,17.130000000000052,7.370000000000003,60.2,201.5,31.6,51.2,241.8,191.6,95.5,13.7,11.9,1.4,NS,2013,9,249,36
2013-09-14,-1.79771,0.48,0.9,0.0267,12.3,3800000.0,24.8,7660000.0,18.930000000000007,7.870000000000003,21.33000000000004,6.990000000000009,45.5,169.5,25.200000000000003,39.3,212.2,162.0,77.4,17.0,5.2,0.0,S,2013,9,257,37
2013-09-22,-3.02516,0.4,1.0,0.0287,11.4,3500000.0,36.8,11340000.0,21.13000000000005,6.7900000000000205,22.21000000000004,7.850000000000023,54.6,174.9,26.9,47.0,249.6,194.8,109.9,19.5,7.9,1.6,S,2013,9,265,38
2013-09-30,-0.0184079,0.41,1.0,0.0283,10.9,3360000.0,34.5,10640000.0,23.49000000000001,7.650000000000034,24.410000000000025,8.090000000000032,53.8,172.9,29.6,44.8,227.2,202.4,115.0,24.3,11.5,0.0,NS,2013,9,273,40
2013-10-08,-2.07202,0.34,0.8,0.0256,9.0,2790000.0,42.5,13080000.0,28.850000000000023,8.110000000000014,29.29000000000002,8.130000000000052,63.8,183.2,33.4,51.7,250.1,232.7,140.3,19.5,8.4,0.0,S,2013,10,281,41
2013-10-16,-1.40557,0.37,1.1,0.0255,10.0,3080000.0,44.2,13600000.0,30.71000000000004,10.190000000000056,31.750000000000057,11.130000000000052,67.8,191.9,35.6,53.400000000000006,281.2,241.4,154.5,25.9,5.2,0.0,NS,2013,10,289,42
2013-10-24,-2.87324,0.36,1.0,0.0337,10.2,3150000.0,45.6,14060000.0,27.77000000000004,8.670000000000016,29.370000000000005,8.07000000000005,52.0,165.60000000000002,27.1,42.1,241.2,197.6,118.5,14.9,5.3,0.0,S,2013,10,297,43
2013-11-01,-2.30038,0.38,1.1,0.0304,9.3,2870000.0,51.400000000000006,15770000.0,31.31,9.930000000000009,31.07000000000005,10.690000000000056,73.60000000000001,209.2,38.400000000000006,58.5,305.5,259.6,168.0,27.2,7.9,0.0,S,2013,11,305,44
2013-11-09,-2.82621,0.34,1.0,0.0315,10.8,3310000.0,44.900000000000006,13830000.0,29.79000000000002,10.170000000000016,30.090000000000032,11.27000000000004,70.7,193.6,37.3,55.8,276.0,237.9,145.70000000000002,18.1,6.6,0.0,S,2013,11,313,45
2013-11-17,-1.20178,0.39,1.1,0.0353,10.4,3180000.0,51.2,15700000.0,32.150000000000034,12.550000000000011,33.51000000000005,13.370000000000005,91.1,234.6,45.0,71.9,341.3,297.0,195.0,23.9,9.9,0.0,NS,2013,11,321,46
2013-11-25,-1.54291,0.3,0.8,0.0224,5.7,1740000.0,60.5,18510000.0,33.450000000000045,12.430000000000009,36.31,13.170000000000016,68.9,178.4,37.2,55.5,247.9,234.1,140.0,26.3,8.1,0.0,NS,2013,11,329,48
2013-12-03,0.158887,0.34,0.9,0.0279,11.0,3380000.0,46.900000000000006,14410000.0,31.21000000000004,11.390000000000043,33.43000000000001,11.550000000000011,94.9,231.5,48.8,76.60000000000001,313.5,308.8,193.4,34.9,22.8,0.0,NS,2013,12,337,49
2013-12-11,-2.62919,0.4,1.1,0.0422,11.7,3590000.0,60.8,18620000.0,35.670000000000016,13.310000000000002,36.410000000000025,14.230000000000018,87.9,206.6,44.0,68.3,302.0,289.1,203.9,23.4,11.4,0.0,S,2013,12,345,50
2013-12-19,0.709084,0.3,0.9,0.0198,7.0,2140000.0,57.3,17500000.0,34.33000000000004,14.170000000000016,37.450000000000045,15.190000000000056,77.5,197.8,40.400000000000006,63.2,257.3,240.1,142.5,41.6,15.2,0.0,NS,2013,12,353,51
2013-12-27,-1.82126,0.45,1.3,0.0245,7.9,3870000.0,40.900000000000006,20040000.0,36.73000000000002,13.650000000000034,37.31,14.430000000000009,72.10000000000001,203.7,37.0,59.5,287.40000000000003,245.1,153.0,28.1,14.3,0.0,S,2013,12,361,52
2014-01-01,0.840213,0.46,1.4,0.0423,13.6,4180000.0,57.2,17540000.0,29.99000000000001,13.550000000000011,31.750000000000057,13.650000000000034,115.7,271.40000000000003,58.900000000000006,92.2,344.3,337.0,223.6,27.8,9.5,0.0,NS,2014,1,1,1
2014-01-09,-1.59971,0.4,1.1,0.0141,5.300000000000001,1610000.0,71.3,21650000.0,41.13000000000005,21.510000000000048,47.75000000000006,22.81,88.2,225.8,47.0,70.3,286.40000000000003,273.90000000000003,176.3,31.8,13.6,0.0,NS,2014,1,9,2
2014-01-17,1.13418,0.45,1.3,0.0319,11.4,3500000.0,61.2,18670000.0,39.150000000000034,16.230000000000018,37.89000000000004,17.33000000000004,84.2,243.7,45.3,70.8,299.7,244.8,143.9,42.8,22.3,0.0,NS,2014,1,17,3
2014-01-25,-1.05805,0.47,1.4,0.0239,10.0,3060000.0,64.9,19760000.0,39.71000000000004,19.850000000000023,39.650000000000034,21.63000000000005,73.9,223.4,38.5,60.5,290.8,219.3,118.7,23.3,12.6,6.8,NS,2014,1,25,4
2014-02-02,0.836605,0.47,1.1,0.0109,4.800000000000001,1460000.0,68.3,20770000.0,41.59000000000003,20.370000000000005,43.09000000000003,20.69000000000005,82.7,237.5,46.1,69.10000000000001,286.0,235.3,127.3,43.0,18.7,0.0,NS,2014,2,33,5
2014-02-10,-1.5509,0.49,1.2000000000000002,0.0292,11.3,3460000.0,46.8,14290000.0,33.83000000000004,16.950000000000045,36.370000000000005,16.49000000000001,82.60000000000001,227.6,41.400000000000006,66.60000000000001,268.2,239.8,147.9,30.5,14.5,0.0,NS,2014,2,41,7
2014-02-18,-1.23828,0.5,1.2000000000000002,0.0364,11.2,3450000.0,50.5,15450000.0,31.13000000000005,14.970000000000027,33.57000000000005,15.83000000000004,74.4,234.2,38.8,61.1,277.3,220.2,120.4,33.1,13.6,0.0,NS,2014,2,49,8
2014-02-26,-2.15585,0.49,1.2000000000000002,0.0354,12.1,3700000.0,50.8,15530000.0,32.59000000000003,15.33000000000004,33.05000000000001,15.730000000000018,72.8,230.5,36.3,58.3,272.6,220.3,121.5,25.7,14.7,1.4,S,2014,2,57,9
2014-03-06,-1.36309,0.51,1.2000000000000002,0.0299,10.6,3250000.0,45.2,13800000.0,30.090000000000032,15.630000000000052,31.13000000000005,17.07000000000005,74.7,222.6,37.5,59.6,266.3,223.3,142.20000000000002,26.7,12.3,0.0,NS,2014,3,65,10
2014-03-14,-0.746563,0.48,1.2000000000000002,0.028,10.5,3220000.0,35.7,10950000.0,26.950000000000045,13.730000000000018,28.470000000000027,14.010000000000048,80.10000000000001,248.8,37.0,62.900000000000006,311.8,243.0,151.20000000000002,30.4,13.4,0.0,NS,2014,3,73,11
2014-03-22,-2.58332,0.52,1.4,0.0321,12.7,3890000.0,31.4,9640000.0,23.57000000000005,13.890000000000043,21.910000000000025,13.850000000000025,54.3,230.9,30.0,44.400000000000006,263.40000000000003,182.8,86.30000000000001,21.6,11.0,0.0,S,2014,3,81,12
2014-03-30,-0.449009,0.53,1.4,0.0289,12.4,3800000.0,32.7,10010000.0,25.850000000000023,15.390000000000043,26.930000000000007,16.710000000000036,58.1,227.6,30.1,47.6,259.7,198.3,112.6,25.1,14.2,3.2,NS,2014,3,89,13
2014-04-07,-0.528983,0.54,1.0,0.0273,10.5,3220000.0,22.5,6920000.0,20.950000000000045,12.850000000000025,22.410000000000025,13.79000000000002,41.3,191.5,21.8,36.8,214.5,143.70000000000002,62.3,23.0,10.8,0.0,NS,2014,4,97,15
2014-04-15,-1.01065,0.54,1.0,0.0282,8.9,2740000.0,23.8,7330000.0,20.410000000000025,9.230000000000018,20.510000000000048,9.53000000000003,77.9,252.9,40.8,66.0,290.1,246.4,157.4,20.6,8.0,0.0,NS,2014,4,105,16
2014-04-23,-1.82707,0.62,1.2000000000000002,0.0264,8.5,2600000.0,20.4,6270000.0,17.710000000000036,7.53000000000003,17.850000000000023,8.110000000000014,52.6,206.4,28.4,44.400000000000006,235.6,188.7,108.6,19.6,9.0,1.6,S,2014,4,113,17
2014-05-01,-0.628323,0.62,1.2000000000000002,0.0219,6.800000000000001,2110000.0,15.7,4850000.0,13.390000000000043,6.4500000000000455,14.83000000000004,6.510000000000048,45.8,216.8,24.700000000000003,41.5,237.7,160.0,77.2,15.2,2.4,0.0,NS,2014,5,121,18
2014-05-09,-0.590362,0.62,1.3,0.0246,9.7,3010000.0,17.6,5420000.0,15.850000000000025,9.150000000000034,15.810000000000002,9.250000000000057,47.2,209.8,23.6,41.7,244.5,153.20000000000002,71.7,16.0,1.8,0.0,NS,2014,5,129,19
2014-05-17,-0.965264,0.52,1.0,0.0196,9.2,2820000.0,16.400000000000002,5040000.0,14.77000000000004,10.090000000000032,16.870000000000005,10.57000000000005,34.2,190.2,16.0,29.700000000000003,223.6,132.6,52.1,19.8,8.7,0.0,NS,2014,5,137,20
2014-05-25,-0.522396,0.59,1.2000000000000002,0.0147,8.4,2580000.0,11.0,3380000.0,13.970000000000027,7.690000000000055,15.850000000000025,8.250000000000057,36.3,206.2,17.8,33.4,213.0,134.5,53.1,18.1,6.5,3.0,NS,2014,5,145,21
2014-06-02,0.331322,0.62,1.3,0.0184,8.0,2460000.0,11.8,3650000.0,12.29000000000002,4.810000000000002,13.150000000000034,4.310000000000002,32.2,192.6,16.3,31.6,198.9,124.1,51.1,16.4,7.8,7.2,NS,2014,6,153,23
2014-06-10,-0.586776,0.58,1.2000000000000002,0.0142,7.5,2300000.0,9.7,3010000.0,11.83000000000004,7.010000000000048,11.630000000000052,7.150000000000034,32.300000000000004,221.3,14.7,35.7,229.2,105.8,29.6,13.7,3.3,0.0,NS,2014,6,161,24
2014-06-18,-0.987281,0.17,0.2,0.0111,7.5,2340000.0,9.7,3000000.0,0.0,7.330000000000041,0.0,8.350000000000023,201.2,305.0,212.8,203.0,305.90000000000003,269.7,185.6,13.8,8.1,0.0,NS,2014,6,169,25
2014-06-26,-1.40209,0.47,0.8,0.0103,6.2,1920000.0,9.6,2980000.0,12.590000000000032,4.410000000000025,13.07000000000005,4.610000000000014,45.7,274.5,21.8,49.0,251.8,151.20000000000002,46.6,14.5,7.7,1.0,NS,2014,6,177,26
2014-07-04,-1.33535,0.53,1.0,0.0096,6.6000000000000005,2040000.0,8.200000000000001,2550000.0,0.0,4.990000000000009,0.0,5.4500000000000455,73.8,297.40000000000003,33.9,69.9,298.6,219.7,131.1,10.8,5.1,0.0,NS,2014,7,185,27
2014-07-12,-2.42984,0.64,1.4,0.013,6.7,2090000.0,9.8,3030000.0,10.29000000000002,2.970000000000028,10.910000000000023,3.730000000000018,41.400000000000006,254.7,21.200000000000003,43.5,268.8,141.5,63.900000000000006,10.9,5.7,1.2,S,2014,7,193,28
2014-07-20,-1.96012,0.49,0.9,0.0116,7.6,2360000.0,10.5,3270000.0,10.450000000000044,3.990000000000009,10.810000000000002,3.890000000000043,33.0,203.3,17.3,31.5,218.2,139.5,52.7,13.4,-0.7,0.0,S,2014,7,201,29
2014-07-28,-2.4042,0.5700000000000001,1.1,0.0182,7.2,2240000.0,15.7,4860000.0,11.150000000000034,1.5500000000000114,11.57000000000005,2.1900000000000546,36.1,193.4,16.1,31.5,208.2,128.3,53.3,14.2,4.3,0.0,S,2014,7,209,31
2014-08-05,-2.18039,0.67,1.4,0.0212,8.6,2650000.0,15.9,4930000.0,11.110000000000014,2.670000000000016,11.910000000000023,2.930000000000007,47.5,236.8,23.9,42.7,272.5,164.70000000000002,88.2,13.6,-3.0,0.0,S,2014,8,217,32
2014-08-13,-2.00829,0.55,1.1,0.0198,7.6,2340000.0,16.6,5150000.0,12.990000000000007,4.07000000000005,14.110000000000014,4.2900000000000205,45.5,228.1,20.5,43.2,272.0,165.70000000000002,82.30000000000001,14.1,3.0,0.0,S,2014,8,225,33
2014-08-21,-2.56279,0.63,1.2000000000000002,0.0301,10.7,3320000.0,21.5,6630000.0,16.79000000000002,6.07000000000005,18.83000000000004,6.57000000000005,46.0,206.9,22.9,39.1,235.4,171.3,82.60000000000001,16.3,7.0,0.0,S,2014,8,233,34
2014-08-29,-2.53676,0.54,1.0,0.0251,7.7,2390000.0,21.9,6760000.0,15.750000000000057,5.3700000000000045,17.79000000000002,6.53000000000003,49.8,223.7,28.3,45.1,258.40000000000003,182.7,86.0,17.6,1.9,0.0,S,2014,8,241,35
2014-09-06,-2.71991,0.51,1.3,0.0306,11.8,3630000.0,28.6,8840000.0,18.73000000000001,6.090000000000032,18.83000000000004,6.250000000000057,44.400000000000006,185.5,25.4,38.3,220.9,161.70000000000002,79.5,17.5,4.9,0.0,S,2014,9,249,36
2014-09-14,-3.00838,0.5,1.3,0.0266,10.2,3150000.0,26.200000000000003,8080000.0,20.010000000000048,5.310000000000002,20.53000000000003,6.210000000000036,60.2,235.3,28.8,51.7,301.3,211.0,121.7,18.7,2.5,0.0,S,2014,9,257,37
2014-09-22,-2.86856,0.49,1.2000000000000002,0.0375,12.6,3880000.0,39.0,12000000.0,21.670000000000016,9.430000000000009,23.910000000000025,9.650000000000034,52.8,197.8,27.0,46.6,261.2,185.0,101.3,21.1,2.8,0.0,S,2014,9,265,39
2014-09-30,-2.71357,0.46,1.1,0.0351,10.8,3320000.0,40.6,12490000.0,24.07000000000005,7.450000000000045,25.31,7.950000000000045,53.7,191.5,27.9,45.7,258.8,195.4,117.3,23.4,6.2,0.0,S,2014,9,273,40
2014-10-08,-3.67289,0.49,1.2000000000000002,0.0369,11.0,3380000.0,44.1,13550000.0,25.07000000000005,8.690000000000055,26.970000000000027,9.210000000000036,57.2,184.3,29.3,47.5,233.5,204.7,117.0,17.6,1.8,0.0,S,2014,10,281,41
2014-10-16,-3.8117,0.43,1.3,0.0334,11.4,3490000.0,49.8,15260000.0,25.950000000000045,8.950000000000045,27.610000000000014,9.630000000000052,70.10000000000001,211.0,34.7,56.0,287.90000000000003,239.6,148.4,17.6,2.4,0.0,S,2014,10,289,42
2014-10-24,-2.65865,0.42,1.0,0.0321,9.2,2830000.0,49.2,15100000.0,27.930000000000007,11.650000000000034,33.13000000000005,12.510000000000048,69.7,214.7,36.2,58.2,295.40000000000003,236.0,145.20000000000002,31.3,12.1,0.0,S,2014,10,297,43
2014-11-01,-1.55151,0.4,1.1,0.0306,8.9,2740000.0,56.2,17240000.0,26.390000000000043,7.330000000000041,30.370000000000005,7.950000000000045,86.2,224.7,45.2,71.10000000000001,298.2,226.7,129.1,20.5,13.4,5.8,NS,2014,11,305,44
2014-11-09,-3.83801,0.33,0.9,0.0236,6.2,1900000.0,52.8,16170000.0,30.010000000000048,11.850000000000025,31.15000000000004,12.450000000000044,60.6,191.2,34.800000000000004,50.7,240.3,204.7,115.0,25.4,11.3,0.0,S,2014,11,313,45
2014-11-17,-1.9652,0.39,1.1,0.0264,9.0,2770000.0,54.6,16710000.0,31.65000000000004,11.410000000000023,33.57000000000005,12.490000000000007,55.400000000000006,182.3,30.8,44.900000000000006,230.1,194.6,109.1,22.8,7.3,0.0,S,2014,11,321,47
2014-11-25,-2.15813,0.36,1.1,0.0293,9.2,2800000.0,62.1,18970000.0,35.33000000000004,13.77000000000004,34.450000000000045,14.350000000000025,70.3,200.5,36.0,56.7,279.0,236.7,139.8,23.3,4.7,8.2,S,2014,11,329,48
2014-12-03,0.331283,0.43,1.3,0.0367,13.3,4080000.0,51.7,15800000.0,32.190000000000055,15.450000000000044,34.77000000000004,17.03000000000003,69.8,221.8,35.300000000000004,57.1,295.7,236.3,133.0,30.1,16.1,0.0,NS,2014,12,337,49
2014-12-11,-1.34187,0.45,1.3,0.0345,11.8,3620000.0,67.10000000000001,20500000.0,37.09000000000003,15.870000000000005,36.410000000000025,16.590000000000032,88.10000000000001,251.5,45.7,73.5,340.70000000000005,274.1,165.20000000000002,26.2,15.9,0.0,NS,2014,12,345,50
2014-12-19,-2.28693,0.4,1.1,0.0304,9.9,3020000.0,64.7,19770000.0,37.910000000000025,14.550000000000011,40.09000000000003,15.03000000000003,86.60000000000001,234.9,44.2,72.2,313.0,252.9,149.6,22.8,8.7,0.0,S,2014,12,353,51
2014-12-27,-2.04637,0.4,1.1,0.0164,5.2,2560000.0,42.400000000000006,20760000.0,34.77000000000004,14.630000000000052,35.150000000000034,16.210000000000036,79.5,218.8,42.3,65.5,271.7,228.7,127.7,28.8,9.7,0.0,S,2014,12,361,52
