TIMESTAMP,NEE_VUT_REF,Fpar_500m,Lai_500m,Gpp_500m,ET_500m,LE_500m,PET_500m,PLE_500m,LST_Day_1km,LST_Night_1km,LSTE_Day_1KM,LSTE_Night_1KM,sur_refl_b01,sur_refl_b02,sur_refl_b03,sur_refl_b04,sur_refl_b05,sur_refl_b06,sur_refl_b07,Rainfall_BOM,Minimum_temperature_BOM,Maximum_temperature_BOM,target_class,year,month,day_of_year,week_of_year
2010-01-01,-2.89498,0.88,5.7,0.0976,39.2,12010000.0,59.3,18180000.0,23.15000000000004,11.33000000000004,20.69000000000005,9.910000000000023,35.6,298.5,18.4,42.900000000000006,259.5,120.6,40.900000000000006,24.0,15.5,25.2,S,2010,1,1,53
2010-01-09,-5.57661,0.87,5.4,0.0694,32.2,9840000.0,58.7,17920000.0,29.670000000000016,13.29000000000002,29.110000000000014,19.13000000000005,34.0,274.1,17.0,38.8,237.8,115.5,40.5,0.0,15.1,36.7,S,2010,1,9,1
2010-01-17,-4.90486,0.89,5.6000000000000005,0.0929,35.9,11030000.0,52.900000000000006,16240000.0,21.670000000000016,7.910000000000025,20.390000000000043,9.350000000000025,19.6,246.6,8.5,23.0,209.5,84.7,18.4,0.0,7.2,18.0,S,2010,1,17,2
2010-01-25,-7.96992,0.9,6.0,0.0957,40.6,12450000.0,57.7,17650000.0,21.750000000000057,12.170000000000016,23.31,12.930000000000009,28.0,241.0,13.2,29.1,212.8,93.6,30.9,0.0,10.0,27.9,S,2010,1,25,4
2010-02-02,-2.95754,0.89,5.6000000000000005,0.0694,35.6,10880000.0,52.8,16120000.0,26.69000000000005,15.650000000000034,25.03000000000003,16.250000000000057,32.300000000000004,253.2,15.9,34.800000000000004,223.4,105.6,36.9,0.0,13.9,33.4,S,2010,2,33,5
2010-02-10,-0.560096,0.89,5.6000000000000005,0.0833,30.200000000000003,9250000.0,43.1,13210000.0,21.57000000000005,12.690000000000056,23.05000000000001,12.130000000000052,26.8,240.4,14.8,30.700000000000003,213.1,93.3,26.8,5.0,19.0,34.7,NS,2010,2,41,6
2010-02-18,-5.74308,0.88,5.300000000000001,0.086,34.1,10460000.0,50.7,15540000.0,23.07000000000005,13.870000000000005,25.610000000000014,14.990000000000007,28.6,243.1,12.9,31.1,226.1,101.3,28.200000000000003,0.0,13.2,26.1,S,2010,2,49,7
2010-02-26,-1.97351,0.89,5.7,0.0775,29.1,8940000.0,41.5,12720000.0,20.71000000000004,9.630000000000052,22.71000000000004,9.77000000000004,25.5,235.1,12.5,27.4,219.2,92.9,23.8,0.0,12.0,31.0,S,2010,2,57,8
2010-03-06,0.0705032,0.89,5.4,0.0754,25.3,7770000.0,36.2,11140000.0,17.190000000000055,9.910000000000023,16.49000000000001,9.79000000000002,20.5,248.1,10.2,25.3,228.3,88.30000000000001,25.1,12.6,15.1,19.5,NS,2010,3,65,9
2010-03-14,-2.39636,0.89,5.4,0.0665,29.200000000000003,8950000.0,40.900000000000006,12530000.0,20.33000000000004,0.0,20.950000000000045,0.0,24.9,225.8,12.4,27.5,198.3,89.10000000000001,27.5,0.0,8.6,24.4,S,2010,3,73,10
2010-03-22,-5.39104,0.88,5.0,0.0614,21.4,6580000.0,30.4,9330000.0,20.010000000000048,11.150000000000034,20.410000000000025,11.470000000000027,25.8,245.1,11.9,28.700000000000003,230.0,92.0,26.200000000000003,0.0,7.3,20.0,S,2010,3,81,12
2010-03-30,-4.26045,0.89,5.300000000000001,0.0597,18.7,5760000.0,26.6,8180000.0,16.010000000000048,9.510000000000048,16.850000000000023,9.53000000000003,26.1,239.9,12.6,29.5,213.7,91.2,28.3,0.0,8.2,19.0,S,2010,3,89,13
2010-04-07,0.984436,0.16,0.4,0.0496,17.2,5320000.0,21.9,6760000.0,0.0,6.9500000000000455,0.0,6.850000000000023,169.5,293.0,184.0,182.7,311.8,219.7,165.3,24.2,12.5,20.4,NS,2010,4,97,14
2010-04-15,-2.08093,0.9,6.9,0.0496,21.0,6440000.0,24.3,7460000.0,18.33000000000004,10.79000000000002,19.19000000000005,11.77000000000004,25.200000000000003,252.9,11.0,28.6,239.5,93.7,25.0,0.6,9.1,16.2,S,2010,4,105,15
2010-04-23,0.66354,0.27,0.7000000000000001,0.033,11.8,3630000.0,14.5,4460000.0,0.0,4.650000000000034,0.0,4.890000000000043,145.8,321.70000000000005,141.9,151.5,275.6,131.6,54.2,1.4,15.9,22.4,NS,2010,4,113,16
2010-05-01,-0.996696,0.87,3.8,0.0386,10.4,3220000.0,15.1,4670000.0,12.990000000000007,8.370000000000005,13.29000000000002,7.430000000000007,21.8,292.0,10.3,29.3,239.7,99.6,28.8,0.4,3.0,16.3,NS,2010,5,121,17
2010-05-09,-2.18361,0.79,2.5,0.0289,7.2,2230000.0,12.4,3830000.0,6.490000000000009,7.550000000000011,7.450000000000045,7.950000000000045,107.2,286.6,68.5,104.4,247.4,139.70000000000002,65.8,0.0,8.1,18.5,S,2010,5,129,18
2010-05-17,-2.07545,0.84,3.1,0.0309,7.9,2450000.0,12.7,3910000.0,10.050000000000011,3.5300000000000296,10.29000000000002,4.170000000000016,21.700000000000003,251.4,9.9,24.8,207.6,81.9,22.200000000000003,0.0,2.6,16.4,S,2010,5,137,20
2010-05-25,1.81096,0.91,6.0,0.0258,7.300000000000001,2270000.0,9.8,3040000.0,10.890000000000043,6.110000000000014,12.850000000000025,6.150000000000034,15.5,229.6,8.3,18.1,203.2,67.3,10.6,5.2,8.0,11.6,NS,2010,5,145,21
2010-06-02,-1.94453,0.9,5.800000000000001,0.021,6.2,1930000.0,8.6,2670000.0,10.190000000000056,3.870000000000005,10.79000000000002,3.710000000000037,17.8,233.3,8.200000000000001,21.0,190.9,74.5,18.2,0.0,1.3,13.3,S,2010,6,153,22
2010-06-10,-2.10513,0.9,6.9,0.0165,5.7,1780000.0,7.300000000000001,2250000.0,7.110000000000014,0.57000000000005,6.990000000000009,2.1100000000000136,308.5,486.1,290.2,310.0,476.1,356.3,274.2,5.0,1.4,11.2,S,2010,6,161,23
2010-06-18,-1.70392,0.4,1.0,0.0186,6.9,2140000.0,8.0,2480000.0,0.0,2.670000000000016,0.0,2.250000000000057,136.1,398.8,127.2,144.6,364.5,182.5,94.9,8.0,1.7,11.1,NS,2010,6,169,24
2010-06-26,-2.10296,0.87,4.5,0.0155,5.6000000000000005,1740000.0,7.4,2290000.0,0.4500000000000455,2.090000000000032,0.6700000000000159,1.1300000000000523,49.0,339.0,23.4,53.6,293.8,126.5,67.60000000000001,13.2,0.1,8.4,S,2010,6,177,25
2010-07-04,1.10576,0.9,6.0,0.0196,8.1,2510000.0,9.8,3040000.0,6.910000000000025,2.470000000000028,7.150000000000034,2.490000000000009,19.6,250.3,8.700000000000001,23.700000000000003,231.8,75.3,19.5,1.0,4.6,9.3,NS,2010,7,185,26
2010-07-12,-2.137,0.27,0.6000000000000001,0.0214,8.4,2590000.0,10.4,3230000.0,0.0,1.57000000000005,0.0,1.5100000000000475,325.0,395.9,319.3,330.3,344.0,272.2,187.4,0.4,4.4,11.0,S,2010,7,193,28
2010-07-20,-2.25387,0.87,4.7,0.0216,7.5,2330000.0,10.0,3100000.0,7.770000000000039,2.7700000000000387,7.490000000000009,2.730000000000018,24.9,284.40000000000003,14.6,29.6,255.9,97.8,37.1,0.4,-2.0,9.3,S,2010,7,201,29
2010-07-28,-0.500944,0.28,0.7000000000000001,0.0217,7.1000000000000005,2210000.0,10.1,3120000.0,0.0,3.010000000000048,0.0,2.890000000000043,220.9,491.2000000000001,102.7,193.9,418.3,349.6,239.1,0.4,1.5,9.8,NS,2010,7,209,30
2010-08-05,-2.51012,0.75,2.1,0.0189,5.7,1780000.0,10.0,3110000.0,5.190000000000055,1.910000000000025,4.730000000000018,2.330000000000041,37.7,198.9,11.5,35.2,182.4,76.10000000000001,30.6,7.6,-0.5,9.3,S,2010,8,217,31
2010-08-13,-1.61935,0.93,6.2,0.0234,7.2,2250000.0,12.0,3720000.0,7.330000000000041,-0.4699999999999704,7.950000000000045,-0.7299999999999613,130.0,318.6,143.3,141.3,310.8,153.60000000000002,95.0,5.2,6.6,11.2,NS,2010,8,225,32
2010-08-21,-2.98944,0.36,0.9,0.0252,9.0,2790000.0,13.6,4230000.0,0.0,2.430000000000007,0.0,2.2100000000000364,102.6,276.7,88.2,104.0,253.1,173.3,123.7,0.6,2.6,11.4,S,2010,8,233,33
2010-08-29,-1.92552,0.14,0.3,0.0328,12.5,3860000.0,16.900000000000002,5230000.0,0.0,2.590000000000032,0.0,2.6300000000000523,272.1,448.2000000000001,274.2,273.1,399.1,294.1,175.3,0.6,3.3,11.2,S,2010,8,241,34
2010-09-06,-3.86184,0.9,6.0,0.0392,14.6,4520000.0,20.3,6280000.0,8.810000000000002,4.010000000000048,9.03000000000003,4.770000000000039,36.1,348.20000000000005,14.9,42.3,317.8,141.4,52.3,1.6,3.6,10.1,S,2010,9,249,36
2010-09-14,-5.81856,0.91,6.0,0.0424,14.9,4620000.0,21.9,6780000.0,0.0,2.7700000000000387,15.79000000000002,1.650000000000034,215.0,405.5,210.6,217.6,389.0,244.4,174.70000000000002,0.0,2.4,12.7,S,2010,9,257,37
2010-09-22,-4.99232,0.46,1.2000000000000002,0.0489,16.2,5020000.0,26.6,8230000.0,4.4500000000000455,3.3700000000000045,4.490000000000009,4.690000000000055,76.3,258.8,73.5,80.5,251.8,119.0,45.7,0.0,6.3,11.0,S,2010,9,265,38
2010-09-30,-4.74882,0.87,4.800000000000001,0.0681,22.4,6900000.0,35.7,11030000.0,16.33000000000004,6.630000000000052,16.83000000000004,6.930000000000007,29.9,250.2,14.2,30.0,235.2,111.9,37.2,2.4,-0.3,10.8,S,2010,9,273,39
2010-10-08,-3.30111,0.8300000000000001,3.8,0.0563,18.2,5610000.0,30.4,9380000.0,15.53000000000003,11.370000000000005,16.950000000000045,12.230000000000018,30.8,231.9,15.6,30.6,243.0,109.9,38.0,0.4,5.1,14.4,S,2010,10,281,40
2010-10-16,-3.78809,0.86,4.5,0.0743,23.4,7220000.0,39.400000000000006,12170000.0,15.730000000000018,5.3700000000000045,15.550000000000011,5.510000000000048,31.1,273.5,14.6,33.6,251.1,116.9,38.7,15.6,0.8,10.1,S,2010,10,289,41
2010-10-24,-6.0322,0.85,4.800000000000001,0.0697,23.6,7280000.0,39.6,12220000.0,16.250000000000057,6.470000000000027,16.57000000000005,6.690000000000055,26.1,209.8,12.4,24.700000000000003,210.2,101.1,34.5,0.4,2.6,15.2,S,2010,10,297,42
2010-11-01,-3.18009,0.85,4.800000000000001,0.0785,25.700000000000003,7940000.0,44.3,13680000.0,17.350000000000023,6.610000000000014,18.07000000000005,5.010000000000048,31.1,260.90000000000003,15.3,32.0,263.40000000000003,118.1,39.0,2.2,2.2,11.8,S,2010,11,305,44
2010-11-09,-5.04273,0.87,5.4,0.0783,29.1,8960000.0,43.5,13380000.0,16.650000000000034,7.210000000000036,15.27000000000004,6.8700000000000045,27.8,204.4,12.8,25.9,210.6,111.1,41.7,0.0,5.9,24.6,S,2010,11,313,45
2010-11-17,-5.08485,0.85,4.800000000000001,0.0916,32.1,9850000.0,53.7,16500000.0,22.31,9.190000000000056,22.670000000000016,9.27000000000004,34.300000000000004,245.3,16.8,32.800000000000004,249.0,132.5,51.8,0.0,2.0,19.2,S,2010,11,321,46
2010-11-25,-1.09295,0.32,0.8,0.0735,27.3,8410000.0,40.2,12360000.0,17.850000000000023,9.850000000000025,15.970000000000027,2.730000000000018,168.20000000000002,287.40000000000003,144.6,159.20000000000002,295.2,216.7,169.9,29.6,14.7,20.5,NS,2010,11,329,47
2010-12-03,-1.87933,0.43,1.1,0.0767,29.200000000000003,8970000.0,45.2,13860000.0,12.610000000000014,11.010000000000048,10.130000000000052,11.910000000000023,95.2,353.90000000000003,87.9,96.8,328.20000000000005,187.5,95.5,2.2,12.8,25.5,S,2010,12,337,48
2010-12-11,-2.26455,0.88,5.5,0.0978,31.700000000000003,9750000.0,53.1,16360000.0,16.230000000000018,7.79000000000002,22.27000000000004,10.210000000000036,13.9,176.10000000000002,6.7,14.8,170.5,75.2,23.8,0.0,8.2,20.1,S,2010,12,345,49
2010-12-19,-4.66866,0.85,4.9,0.0874,28.9,8910000.0,48.400000000000006,14910000.0,18.77000000000004,10.130000000000052,20.15000000000004,10.510000000000048,37.0,243.7,16.900000000000002,35.7,270.3,133.70000000000002,48.6,1.0,7.9,12.5,S,2010,12,353,50
2010-12-27,-8.35157,0.88,5.300000000000001,0.0643,25.5,12520000.0,41.2,20210000.0,22.870000000000005,9.010000000000048,25.350000000000023,10.310000000000002,36.3,234.3,17.3,34.1,258.6,131.9,48.7,3.4,5.9,14.9,S,2010,12,361,52
2011-01-01,-3.66833,0.88,5.6000000000000005,0.1047,38.400000000000006,11780000.0,58.900000000000006,18070000.0,20.77000000000004,10.590000000000032,20.930000000000007,10.730000000000018,26.5,200.6,13.1,25.8,205.7,101.0,35.6,0.0,11.9,23.5,S,2011,1,1,52
2011-01-09,-2.4568,0.86,5.1000000000000005,0.0756,32.2,9860000.0,45.900000000000006,14060000.0,24.950000000000045,14.690000000000056,25.250000000000057,14.910000000000023,35.6,264.5,16.7,38.1,276.8,136.3,43.1,0.6,14.1,20.0,S,2011,1,9,1
2011-01-17,-3.53083,0.85,4.800000000000001,0.1047,34.9,10710000.0,58.2,17860000.0,22.610000000000014,13.010000000000048,23.910000000000025,15.670000000000016,22.0,194.0,10.4,22.700000000000003,213.2,96.8,31.4,0.0,10.5,18.6,S,2011,1,17,3
2011-01-25,-2.59327,0.88,5.1000000000000005,0.0969,39.2,11990000.0,63.7,19480000.0,24.350000000000023,12.970000000000027,25.910000000000025,14.630000000000052,27.3,206.4,13.7,26.5,211.9,106.1,36.9,0.0,9.5,23.7,S,2011,1,25,4
2011-02-02,-4.42438,0.86,4.6000000000000005,0.0799,27.9,8570000.0,43.900000000000006,13480000.0,16.190000000000055,13.690000000000056,15.110000000000014,12.510000000000048,33.300000000000004,262.0,16.8,36.7,270.3,123.9,45.900000000000006,0.0,13.0,32.8,S,2011,2,33,5
2011-02-10,-0.526544,0.76,3.3000000000000003,0.074,24.6,7540000.0,45.6,13990000.0,18.21000000000004,11.190000000000056,17.77000000000004,11.970000000000027,26.9,220.1,11.6,28.1,209.8,103.6,43.400000000000006,0.0,13.6,26.9,NS,2011,2,41,6
2011-02-18,-1.73662,0.87,4.9,0.0847,28.4,8720000.0,44.2,13580000.0,19.510000000000048,9.430000000000009,19.05000000000001,10.150000000000034,31.8,271.0,15.1,35.6,246.9,115.9,36.2,0.4,16.0,25.6,NS,2011,2,49,7
2011-02-26,-2.24511,0.88,5.1000000000000005,0.074,24.700000000000003,7610000.0,37.4,11530000.0,18.470000000000027,6.270000000000039,19.55000000000001,6.490000000000009,31.9,282.8,14.1,35.9,277.0,116.1,41.8,0.0,11.8,28.0,S,2011,2,57,8
2011-03-06,-3.30079,0.91,5.9,0.0774,28.700000000000003,8790000.0,41.6,12750000.0,21.170000000000016,14.650000000000034,21.890000000000043,15.150000000000034,19.4,228.5,8.6,22.9,214.1,81.80000000000001,17.5,0.0,7.8,23.7,S,2011,3,65,9
2011-03-14,-6.47251,0.88,5.1000000000000005,0.0784,25.3,7770000.0,38.5,11850000.0,16.510000000000048,9.33000000000004,17.250000000000057,10.750000000000057,26.4,243.3,13.5,30.700000000000003,236.8,91.0,28.8,5.6,9.4,19.5,S,2011,3,73,11
2011-03-22,-0.807124,0.93,6.2,0.0695,23.3,7180000.0,32.300000000000004,9940000.0,18.090000000000032,10.510000000000048,19.090000000000032,11.510000000000048,16.8,246.0,5.5,22.6,219.5,80.60000000000001,16.7,0.0,14.8,20.8,NS,2011,3,81,12
2011-03-30,-3.10613,0.9,6.2,0.0653,21.200000000000003,6550000.0,29.5,9100000.0,14.550000000000011,7.870000000000003,14.610000000000014,8.190000000000055,29.5,292.2,14.0,34.1,269.8,100.8,26.700000000000003,0.0,10.0,16.7,S,2011,3,89,13
2011-04-07,-2.66868,0.9,5.9,0.0509,16.900000000000002,5220000.0,23.0,7090000.0,17.110000000000014,7.990000000000009,17.630000000000052,9.33000000000004,18.4,250.9,7.9,23.4,222.8,79.2,17.3,0.0,7.1,22.4,S,2011,4,97,14
2011-04-15,-4.27776,0.84,3.9,0.0466,12.9,3990000.0,21.1,6520000.0,12.77000000000004,7.330000000000041,13.470000000000027,7.990000000000009,23.700000000000003,246.6,12.5,26.9,208.0,83.9,23.5,0.4,9.0,18.2,S,2011,4,105,15
2011-04-23,-3.20041,0.88,4.3,0.048,12.9,3980000.0,20.3,6250000.0,13.970000000000027,8.010000000000048,15.07000000000005,7.990000000000009,19.700000000000003,248.8,9.5,23.5,205.3,82.2,24.4,1.6,2.5,13.9,S,2011,4,113,16
2011-05-01,-0.560595,0.86,3.5,0.0317,8.9,2760000.0,13.3,4100000.0,8.310000000000002,4.630000000000052,8.670000000000016,4.430000000000007,118.4,334.6,114.8,125.6,314.1,142.3,64.9,0.0,9.6,16.2,NS,2011,5,121,17
2011-05-09,-4.62308,0.72,1.9,0.0235,7.5,2330000.0,10.2,3170000.0,6.010000000000048,2.890000000000043,0.0,3.490000000000009,91.1,234.6,66.8,87.7,192.6,125.6,73.0,1.6,3.3,12.4,S,2011,5,129,19
2011-05-17,-3.31367,0.72,1.9,0.0266,10.3,3200000.0,11.2,3460000.0,12.850000000000025,1.5100000000000475,13.33000000000004,1.6100000000000136,55.1,199.4,49.8,57.7,188.7,98.4,59.400000000000006,0.4,7.0,10.6,S,2011,5,137,20
2011-05-25,-1.43815,0.9,6.9,0.0244,9.4,2900000.0,10.7,3300000.0,9.77000000000004,3.170000000000016,9.630000000000052,2.6100000000000136,21.4,280.40000000000003,10.2,26.700000000000003,253.0,85.2,22.4,7.2,4.7,8.8,NS,2011,5,145,21
2011-06-02,-0.834041,0.9,5.7,0.0227,8.9,2760000.0,10.2,3170000.0,7.550000000000011,3.250000000000057,11.03000000000003,4.550000000000011,29.5,322.90000000000003,12.8,34.5,288.40000000000003,106.4,27.200000000000003,0.0,3.3,14.7,NS,2011,6,153,22
2011-06-10,-2.61317,0.75,2.1,0.0176,4.1000000000000005,1270000.0,6.800000000000001,2110000.0,7.150000000000034,2.090000000000032,10.930000000000009,4.330000000000041,25.0,329.20000000000005,7.6,29.8,262.7,120.1,30.0,2.0,6.2,11.1,S,2011,6,161,23
2011-06-18,-1.78155,0.09,0.2,0.0183,6.4,1970000.0,7.9,2440000.0,0.0,4.810000000000002,0.0,4.190000000000055,287.6,408.2000000000001,282.0,295.0,392.2000000000001,288.1,206.7,4.8,5.5,12.9,S,2011,6,169,24
2011-06-26,-2.35733,0.9,6.4,0.0235,9.6,2970000.0,10.9,3390000.0,8.050000000000011,4.930000000000007,8.670000000000016,5.010000000000048,15.6,252.8,7.2,19.5,226.1,76.4,17.0,0.0,3.3,11.7,S,2011,6,177,25
2011-07-04,-0.554859,0.92,6.0,0.0167,7.6,2370000.0,8.700000000000001,2690000.0,4.590000000000032,-1.4899999999999525,4.310000000000002,-2.169999999999959,16.400000000000002,246.5,3.8,18.0,204.2,73.8,14.6,3.4,6.5,9.9,NS,2011,7,185,27
2011-07-12,-2.6676,0.89,5.4,0.0188,7.6,2350000.0,9.1,2810000.0,6.010000000000048,-0.9899999999999524,4.990000000000009,-1.4099999999999682,46.7,402.4,23.700000000000003,54.400000000000006,332.1,155.10000000000002,49.2,0.6,5.4,8.8,S,2011,7,193,28
2011-07-20,-2.30457,0.86,3.5,0.02,7.6,2360000.0,9.8,3040000.0,6.190000000000055,2.910000000000025,4.650000000000034,4.310000000000002,36.2,221.7,18.2,35.5,202.4,86.30000000000001,40.5,3.8,6.8,9.5,S,2011,7,201,29
2011-07-28,-4.40393,0.89,4.9,0.0337,10.9,3360000.0,13.4,4120000.0,7.870000000000003,6.010000000000048,10.310000000000002,5.910000000000025,32.6,291.3,18.7,34.300000000000004,245.5,102.3,32.0,0.0,1.2,11.5,S,2011,7,209,30
2011-08-05,-0.530267,0.9,6.4,0.0247,9.9,3080000.0,12.5,3890000.0,9.310000000000002,3.630000000000052,8.830000000000041,5.330000000000041,25.5,278.5,12.1,28.200000000000003,235.0,94.5,23.1,0.0,7.4,10.8,NS,2011,8,217,31
2011-08-13,-5.03961,0.9,6.6000000000000005,0.0319,13.4,4160000.0,15.9,4930000.0,11.27000000000004,2.6900000000000546,13.450000000000044,5.250000000000057,16.6,251.7,6.1000000000000005,21.5,207.5,82.30000000000001,18.1,0.0,1.6,9.9,S,2011,8,225,32
2011-08-21,-3.70008,0.9,6.9,0.0446,16.7,5170000.0,22.1,6830000.0,10.310000000000002,4.310000000000002,10.370000000000005,4.250000000000057,21.6,225.5,10.4,23.4,197.2,83.4,20.5,0.2,1.8,15.3,S,2011,8,233,33
2011-08-29,-3.01387,0.86,4.3,0.0434,13.4,4140000.0,20.8,6440000.0,10.750000000000057,4.57000000000005,11.370000000000005,5.170000000000016,24.700000000000003,234.8,11.1,26.1,215.3,93.2,25.5,0.6,6.2,10.5,S,2011,8,241,35
2011-09-06,-1.84997,0.05,0.1,0.0417,13.2,4090000.0,21.0,6500000.0,6.990000000000009,2.57000000000005,6.270000000000039,2.990000000000009,387.3,466.5,382.3,389.2000000000001,432.5,379.8,242.8,0.0,6.0,11.2,S,2011,9,249,36
2011-09-14,-4.41374,0.89,5.300000000000001,0.0581,18.9,5840000.0,28.4,8760000.0,14.230000000000018,6.410000000000025,15.690000000000056,6.670000000000016,21.3,222.4,10.1,22.1,222.7,87.7,26.6,0.2,2.9,14.2,S,2011,9,257,37
2011-09-22,-2.81779,0.88,5.6000000000000005,0.0568,19.0,5880000.0,29.3,9040000.0,12.950000000000044,3.990000000000009,13.470000000000027,4.190000000000055,23.6,216.8,11.8,24.700000000000003,201.9,90.3,30.700000000000003,0.2,6.6,21.6,S,2011,9,265,38
2011-09-30,-4.79983,0.88,5.6000000000000005,0.0515,18.0,5560000.0,26.3,8120000.0,9.990000000000007,4.850000000000023,10.33000000000004,4.550000000000011,20.8,229.7,6.1000000000000005,19.0,231.6,92.3,28.8,8.2,4.2,12.7,S,2011,9,273,39
2011-10-08,-4.27916,0.8200000000000001,4.1000000000000005,0.0652,21.5,6620000.0,35.2,10860000.0,13.710000000000036,7.130000000000052,0.0,10.410000000000023,71.60000000000001,237.3,55.8,71.7,224.0,110.6,42.2,5.8,7.1,16.5,S,2011,10,281,40
2011-10-16,-5.42239,0.87,4.9,0.0683,24.4,7500000.0,38.3,11780000.0,13.83000000000004,7.190000000000055,15.110000000000014,6.830000000000041,23.8,202.1,11.9,23.1,200.5,97.8,31.3,4.0,5.5,13.8,S,2011,10,289,41
2011-10-24,0.661435,0.87,4.800000000000001,0.0683,23.4,7240000.0,36.4,11240000.0,15.77000000000004,8.110000000000014,16.730000000000018,7.850000000000023,27.1,209.5,12.2,25.9,223.1,100.6,30.5,0.2,14.5,15.9,NS,2011,10,297,43
2011-11-01,-4.94553,0.84,4.7,0.0752,26.9,8270000.0,42.0,12900000.0,20.590000000000032,12.050000000000011,23.13000000000005,12.53000000000003,29.3,208.9,14.3,25.9,217.7,113.3,41.400000000000006,0.2,7.4,15.7,S,2011,11,305,44
2011-11-09,-0.759936,0.78,3.6,0.0939,31.4,9670000.0,49.7,15290000.0,18.21000000000004,7.510000000000048,21.010000000000048,7.830000000000041,27.9,207.0,13.0,26.3,209.0,106.1,37.9,4.2,15.4,26.6,NS,2011,11,313,45
2011-11-17,-3.55744,0.87,5.4,0.0854,30.3,9320000.0,47.2,14510000.0,17.03000000000003,8.850000000000023,20.850000000000023,9.27000000000004,23.0,213.3,11.2,22.8,202.2,90.7,28.200000000000003,0.0,7.3,24.6,S,2011,11,321,46
2011-11-25,0.143817,0.88,5.6000000000000005,0.086,30.9,9500000.0,47.0,14460000.0,16.850000000000023,3.490000000000009,0.0,4.390000000000043,36.7,325.40000000000003,17.5,41.1,276.8,127.3,42.0,0.4,11.0,20.7,NS,2011,11,329,47
2011-12-03,-5.95239,0.88,5.800000000000001,0.0939,35.5,10910000.0,53.6,16470000.0,18.19000000000005,8.270000000000039,18.05000000000001,8.810000000000002,33.6,226.3,16.7,30.9,224.3,109.9,42.6,0.0,7.6,18.0,S,2011,12,337,48
2011-12-11,-6.62877,0.85,4.800000000000001,0.0966,31.4,9650000.0,52.2,16050000.0,18.03000000000003,4.750000000000057,20.910000000000025,4.050000000000011,29.1,226.7,12.9,28.0,236.5,101.4,33.0,7.6,10.0,19.1,S,2011,12,345,49
2011-12-19,-1.46078,0.88,5.6000000000000005,0.1036,38.900000000000006,11920000.0,59.2,18140000.0,23.390000000000043,11.510000000000048,24.83000000000004,10.690000000000056,32.9,189.8,19.1,32.7,184.0,82.30000000000001,25.3,22.6,12.0,19.1,NS,2011,12,353,51
2011-12-27,-5.85464,0.85,4.9,0.0672,24.4,11990000.0,41.3,20260000.0,21.49000000000001,12.53000000000003,22.670000000000016,12.470000000000027,28.1,217.3,13.2,27.5,208.4,99.7,35.2,1.4,9.8,20.2,S,2011,12,361,52
2012-01-01,-2.80444,0.85,4.9,0.0706,31.6,9670000.0,54.2,16580000.0,24.07000000000005,8.510000000000048,25.250000000000057,8.490000000000009,34.2,259.90000000000003,16.900000000000002,35.1,238.7,117.4,38.1,0.0,12.9,34.8,S,2012,1,1,52
2012-01-09,-6.50891,0.77,3.4000000000000004,0.0917,26.700000000000003,8220000.0,56.2,17270000.0,21.79000000000002,9.750000000000057,22.81,10.090000000000032,27.1,231.9,12.0,27.200000000000003,225.9,97.8,31.0,0.6,6.7,21.5,S,2012,1,9,2
2012-01-17,-2.82104,0.88,5.9,0.0897,39.7,12140000.0,59.5,18200000.0,24.07000000000005,15.910000000000023,26.03000000000003,15.79000000000002,25.9,232.7,12.3,26.200000000000003,221.0,95.0,22.700000000000003,0.0,20.0,32.7,S,2012,1,17,3
2012-01-25,-5.53881,0.89,5.7,0.0966,39.0,11950000.0,56.900000000000006,17420000.0,24.610000000000014,10.670000000000016,26.63000000000005,14.07000000000005,40.0,284.1,19.200000000000003,42.1,266.7,134.0,49.2,0.0,13.7,31.7,S,2012,1,25,4
2012-02-02,-6.75171,0.89,5.7,0.0916,34.300000000000004,10530000.0,48.8,14980000.0,20.850000000000023,9.910000000000023,20.430000000000007,10.410000000000023,42.2,319.1,19.6,45.7,309.0,136.4,42.5,0.0,11.6,26.1,S,2012,2,33,5
2012-02-10,-4.76774,0.77,3.4000000000000004,0.0706,23.200000000000003,7100000.0,46.5,14270000.0,25.15000000000004,11.430000000000009,18.31,12.110000000000014,23.0,232.0,10.4,24.9,204.7,86.10000000000001,23.9,0.0,11.3,24.8,S,2012,2,41,6
2012-02-18,-5.69184,0.89,5.6000000000000005,0.0642,31.9,9760000.0,46.8,14280000.0,23.670000000000016,16.110000000000014,24.15000000000004,17.57000000000005,28.4,238.3,13.6,29.200000000000003,229.6,106.2,27.8,0.0,13.0,28.2,S,2012,2,49,7
2012-02-26,-1.33718,0.05,0.1,0.0538,22.6,6940000.0,29.3,9000000.0,0.0,7.010000000000048,0.0,0.0,476.0,568.6,412.6,453.3,537.9,447.6,323.0,0.0,20.6,32.3,NS,2012,2,57,8
2012-03-05,-4.46579,0.89,5.6000000000000005,0.087,27.3,8400000.0,40.400000000000006,12430000.0,15.630000000000052,8.310000000000002,20.410000000000025,9.250000000000057,27.0,231.6,13.3,28.1,209.5,98.3,31.4,0.6,10.1,18.3,S,2012,3,65,10
2012-03-13,-3.20696,0.89,5.7,0.0707,24.700000000000003,7580000.0,36.3,11140000.0,18.950000000000045,11.83000000000004,18.23000000000001,12.490000000000007,23.700000000000003,229.5,11.9,25.9,202.1,91.6,24.9,0.0,7.7,25.6,S,2012,3,73,11
2012-03-21,-0.797588,0.84,3.9,0.0589,16.7,5150000.0,28.0,8630000.0,15.470000000000027,8.210000000000036,15.390000000000043,8.650000000000034,21.4,280.7,10.5,27.700000000000003,235.4,106.5,33.4,0.6,9.6,16.3,NS,2012,3,81,12
2012-03-29,-2.25843,0.87,4.9,0.0643,22.5,6900000.0,31.4,9630000.0,20.53000000000003,11.07000000000005,21.410000000000025,10.910000000000023,22.9,235.1,10.3,23.700000000000003,222.9,87.9,20.6,0.0,10.0,23.8,S,2012,3,89,13
2012-04-06,-2.57831,0.9,5.800000000000001,0.0522,17.900000000000002,5520000.0,23.6,7270000.0,16.49000000000001,5.910000000000025,17.230000000000018,6.430000000000007,22.700000000000003,239.3,10.9,23.700000000000003,213.0,87.0,29.0,0.0,12.7,26.3,S,2012,4,97,14
2012-04-14,-3.66182,0.9,5.800000000000001,0.0538,20.0,6160000.0,24.200000000000003,7450000.0,17.49000000000001,10.670000000000016,17.690000000000055,11.470000000000027,28.4,275.90000000000003,14.0,30.5,237.1,100.6,29.5,0.0,6.2,21.7,S,2012,4,105,15
2012-04-22,-0.198272,0.17,0.4,0.0365,12.8,3950000.0,16.0,4950000.0,0.0,4.57000000000005,0.0,4.590000000000032,154.9,275.3,164.9,157.3,300.1,195.6,122.5,13.8,12.6,19.4,NS,2012,4,113,16
2012-04-30,-2.57384,0.87,5.5,0.0345,12.1,3740000.0,15.1,4650000.0,12.710000000000036,4.650000000000034,12.390000000000043,4.550000000000011,20.1,213.6,3.2,19.4,182.4,73.9,22.3,0.0,0.1,14.2,S,2012,4,121,18
2012-05-08,-2.46016,0.89,5.4,0.0344,11.3,3480000.0,14.0,4330000.0,13.430000000000009,5.03000000000003,13.670000000000016,5.130000000000052,27.4,304.8,10.9,30.5,272.2,96.4,28.4,0.0,5.3,17.4,S,2012,5,129,19
2012-05-16,-2.96845,0.89,5.4,0.0314,11.0,3400000.0,12.8,3950000.0,8.330000000000041,4.090000000000032,8.110000000000014,4.690000000000055,29.9,287.3,13.1,36.9,246.6,90.9,29.8,1.0,4.5,15.1,S,2012,5,137,20
2012-05-24,-2.97398,0.9,6.800000000000001,0.0221,8.8,2720000.0,10.1,3130000.0,10.970000000000027,5.090000000000032,13.670000000000016,5.150000000000034,24.4,259.3,10.8,25.1,217.3,87.5,26.9,0.0,4.4,13.0,S,2012,5,145,21
2012-06-01,-4.38065,0.87,4.0,0.0207,9.0,2780000.0,10.1,3140000.0,7.010000000000048,4.03000000000003,6.57000000000005,4.230000000000018,76.0,370.4,36.4,81.60000000000001,323.90000000000003,157.8,53.3,0.0,0.9,15.4,S,2012,6,153,22
2012-06-09,-2.3348,0.9,5.9,0.0193,7.7,2390000.0,8.6,2680000.0,8.050000000000011,3.2700000000000387,8.270000000000039,3.670000000000016,19.700000000000003,238.8,9.8,22.0,215.4,75.60000000000001,21.1,2.2,5.7,10.7,S,2012,6,161,23
2012-06-17,-1.12474,0.87,5.5,0.0162,7.1000000000000005,2200000.0,8.1,2500000.0,6.470000000000027,1.330000000000041,6.090000000000032,1.0500000000000114,28.3,294.6,10.4,34.2,232.9,89.5,24.8,3.6,6.4,11.1,NS,2012,6,169,24
2012-06-25,-2.31251,0.9,6.300000000000001,0.0143,7.300000000000001,2260000.0,8.3,2580000.0,4.510000000000048,0.0300000000000295,4.110000000000014,-0.1899999999999977,34.300000000000004,302.90000000000003,7.800000000000001,36.6,264.5,115.2,51.2,3.0,7.0,11.2,S,2012,6,177,26
2012-07-03,-3.30306,0.9,6.0,0.0191,8.1,2510000.0,9.8,3040000.0,6.170000000000016,0.2300000000000182,6.4500000000000455,0.910000000000025,18.9,248.1,8.6,21.1,190.7,69.10000000000001,12.9,3.0,5.3,11.7,S,2012,7,185,27
2012-07-11,-0.597793,0.11,0.3,0.019,8.700000000000001,2700000.0,10.1,3120000.0,3.8100000000000014,0.9500000000000456,0.0,1.830000000000041,183.4,283.90000000000003,206.3,195.9,287.1,227.2,190.6,17.2,8.0,11.3,NS,2012,7,193,28
2012-07-19,-3.20618,0.9,6.5,0.0215,9.3,2880000.0,10.8,3360000.0,9.510000000000048,3.5300000000000296,10.29000000000002,2.6900000000000546,26.1,313.20000000000005,14.3,30.6,266.1,89.0,18.6,1.6,-1.8,10.1,S,2012,7,201,29
2012-07-27,-3.25328,0.9,5.800000000000001,0.0228,9.0,2800000.0,11.5,3560000.0,8.210000000000036,2.5300000000000296,8.630000000000052,2.430000000000007,22.5,227.0,10.2,24.0,217.3,79.4,22.4,23.0,5.7,11.1,S,2012,7,209,30
2012-08-04,-3.92912,0.09,0.2,0.0266,9.8,3030000.0,13.0,4050000.0,0.0,2.390000000000043,0.0,2.250000000000057,326.5,472.5,299.7,323.6,388.8,381.7000000000001,298.5,1.0,5.0,12.4,S,2012,8,217,31
2012-08-12,-4.35269,0.87,5.5,0.0234,8.700000000000001,2700000.0,12.2,3790000.0,8.79000000000002,1.1300000000000523,8.79000000000002,3.430000000000007,26.1,266.5,12.8,30.200000000000003,229.0,105.2,36.8,2.0,6.3,11.5,S,2012,8,225,32
2012-08-20,-1.23113,0.86,5.4,0.0292,10.4,3220000.0,15.4,4780000.0,7.230000000000018,1.170000000000016,8.450000000000045,0.0,25.700000000000003,252.5,11.5,27.1,236.5,88.9,25.6,0.6,5.1,8.8,NS,2012,8,233,34
2012-08-28,-4.25929,0.81,3.4000000000000004,0.0392,11.6,3570000.0,21.6,6690000.0,10.550000000000011,4.8700000000000045,11.750000000000057,5.170000000000016,25.4,211.7,12.1,24.700000000000003,202.0,95.0,31.0,0.0,4.7,14.4,S,2012,8,241,35
2012-09-05,1.23591,0.85,5.0,0.0404,12.6,3900000.0,22.4,6930000.0,10.29000000000002,4.490000000000009,10.07000000000005,6.9500000000000455,23.9,203.5,10.9,24.1,192.0,86.30000000000001,26.0,0.0,8.4,14.2,NS,2012,9,249,36
2012-09-13,-4.90397,0.79,3.1,0.0379,12.3,3800000.0,20.8,6440000.0,13.53000000000003,4.490000000000009,14.590000000000032,4.330000000000041,25.200000000000003,204.6,12.4,24.1,195.7,93.6,32.4,3.8,3.2,10.4,S,2012,9,257,37
2012-09-21,-1.85431,0.87,4.9,0.0546,18.2,5630000.0,30.1,9280000.0,9.230000000000018,4.53000000000003,11.250000000000057,4.770000000000039,28.1,234.4,13.6,28.0,241.4,100.6,32.300000000000004,0.6,9.3,15.1,S,2012,9,265,38
2012-09-29,-3.5713,0.87,5.4,0.0615,20.4,6300000.0,33.300000000000004,10270000.0,19.21000000000004,8.770000000000039,19.27000000000004,10.83000000000004,23.9,193.3,11.9,23.200000000000003,192.2,99.1,32.800000000000004,25.6,0.7,9.9,S,2012,9,273,39
2012-10-07,-3.79406,0.87,4.9,0.0573,18.8,5810000.0,31.9,9880000.0,14.77000000000004,3.330000000000041,16.05000000000001,0.0,189.2,286.8,199.9,196.1,265.2,149.4,76.10000000000001,5.0,2.7,11.3,S,2012,10,281,40
2012-10-15,-2.64132,0.6900000000000001,2.7,0.0523,15.9,4900000.0,37.1,11440000.0,16.750000000000057,5.330000000000041,16.03000000000003,6.170000000000016,23.700000000000003,188.4,11.6,23.0,190.1,95.8,36.0,0.0,8.4,25.2,S,2012,10,289,42
2012-10-23,-4.54725,0.8300000000000001,3.7,0.0675,21.9,6750000.0,41.5,12780000.0,20.390000000000043,11.650000000000034,21.510000000000048,12.83000000000004,31.5,200.5,14.1,28.4,221.0,110.0,40.8,0.0,4.6,19.7,S,2012,10,297,43
2012-10-31,0.000539586,0.6,2.0,0.0647,21.8,6700000.0,35.9,11030000.0,0.0,8.29000000000002,0.0,8.410000000000025,60.0,205.1,56.6,64.10000000000001,190.8,115.0,62.900000000000006,0.0,11.7,26.3,NS,2012,10,305,44
2012-11-08,-5.33772,0.8200000000000001,4.2,0.0821,25.3,7810000.0,47.900000000000006,14750000.0,17.730000000000018,6.03000000000003,19.71000000000004,5.930000000000007,31.700000000000003,193.3,16.400000000000002,29.200000000000003,213.3,109.7,40.2,0.6,5.7,19.6,S,2012,11,313,45
2012-11-16,-5.82515,0.85,4.800000000000001,0.0934,30.3,9330000.0,51.6,15900000.0,19.63000000000005,8.630000000000052,20.610000000000014,7.810000000000002,36.2,205.6,18.1,31.4,221.8,130.0,53.6,0.0,5.8,16.6,S,2012,11,321,46
2012-11-24,-0.9681,0.86,5.0,0.0825,34.800000000000004,10650000.0,53.5,16360000.0,24.910000000000025,13.730000000000018,26.110000000000014,13.550000000000011,41.900000000000006,228.1,20.1,38.3,256.0,138.1,51.6,0.0,10.0,30.6,NS,2012,11,329,47
2012-12-02,-5.06429,0.87,5.300000000000001,0.0967,33.2,10210000.0,52.1,16020000.0,21.21000000000004,8.050000000000011,14.33000000000004,8.07000000000005,41.1,291.6,20.0,43.8,283.3,150.6,56.6,2.2,8.0,16.1,S,2012,12,337,48
2012-12-10,-4.93261,0.86,5.1000000000000005,0.0902,34.5,10590000.0,54.400000000000006,16680000.0,21.610000000000014,11.090000000000032,23.970000000000027,12.27000000000004,40.7,231.0,20.4,38.400000000000006,246.9,141.0,56.900000000000006,0.0,8.2,20.5,S,2012,12,345,50
2012-12-18,-2.49295,0.8200000000000001,4.2,0.0859,31.0,9490000.0,56.0,17170000.0,20.390000000000043,10.050000000000011,20.63000000000005,9.590000000000032,34.1,189.3,16.1,31.8,207.0,121.3,48.6,0.0,4.9,25.9,S,2012,12,353,51
2012-12-26,-5.73913,0.87,5.2,0.0832,29.1,11930000.0,45.3,18540000.0,23.250000000000057,9.490000000000007,22.910000000000025,9.730000000000018,25.0,180.9,13.0,24.9,190.2,101.6,37.7,0.0,7.2,24.6,S,2012,12,361,52
2013-01-01,-4.70835,0.85,4.6000000000000005,0.0826,37.3,11400000.0,68.10000000000001,20810000.0,26.450000000000045,13.690000000000056,27.79000000000002,14.230000000000018,42.1,207.8,20.0,37.1,241.1,146.0,50.900000000000006,0.0,10.5,25.6,S,2013,1,1,1
2013-01-09,-5.74106,0.87,5.2,0.0853,36.6,11230000.0,56.8,17390000.0,25.69000000000005,9.930000000000009,24.950000000000045,11.03000000000003,34.9,201.8,16.0,31.0,233.5,124.4,40.5,0.6,8.3,19.1,S,2013,1,9,2
2013-01-17,-0.283838,0.85,4.800000000000001,0.0848,34.300000000000004,10490000.0,61.0,18650000.0,27.970000000000027,12.670000000000016,27.81,14.450000000000044,43.2,232.1,20.700000000000003,39.900000000000006,242.6,142.20000000000002,60.0,0.0,11.5,38.6,NS,2013,1,17,3
2013-01-25,-1.52512,0.85,4.1000000000000005,0.0983,29.8,9150000.0,52.5,16140000.0,21.29000000000002,9.050000000000011,20.53000000000003,9.33000000000004,44.6,235.3,22.200000000000003,42.1,249.3,142.1,58.5,0.0,18.3,22.2,NS,2013,1,25,4
2013-02-02,-4.23174,0.84,4.0,0.0738,29.1,8920000.0,53.5,16360000.0,25.71000000000004,11.930000000000009,25.03000000000003,12.57000000000005,39.7,218.1,18.3,35.800000000000004,249.4,132.4,48.900000000000006,1.8,6.1,20.1,S,2013,2,33,5
2013-02-10,-5.41243,0.85,4.1000000000000005,0.0715,28.4,8670000.0,47.900000000000006,14650000.0,25.450000000000045,13.950000000000044,26.250000000000057,16.27000000000004,37.7,203.4,18.1,34.4,217.5,123.1,51.6,0.2,11.2,21.4,S,2013,2,41,6
2013-02-18,-0.612263,0.79,3.2,0.0583,23.700000000000003,7230000.0,49.3,15070000.0,25.29000000000002,12.170000000000016,27.57000000000005,10.950000000000044,32.1,188.3,15.2,29.5,211.8,114.8,32.2,0.0,17.8,33.3,NS,2013,2,49,8
2013-02-26,1.78295,0.84,4.4,0.0733,26.1,7990000.0,45.8,14030000.0,21.23000000000001,13.370000000000005,22.610000000000014,14.590000000000032,24.0,180.2,11.9,23.700000000000003,195.7,91.5,19.8,17.6,16.9,27.6,NS,2013,2,57,9
2013-03-06,-0.715996,0.86,4.5,0.0465,27.4,8340000.0,44.0,13390000.0,26.99000000000001,18.71000000000004,27.79000000000002,20.49000000000001,29.9,182.4,13.3,28.3,197.4,115.9,42.400000000000006,0.0,12.2,30.5,NS,2013,3,65,10
2013-03-14,-4.18804,0.84,3.9,0.0676,20.700000000000003,6370000.0,34.2,10520000.0,20.65000000000004,9.650000000000034,21.390000000000043,9.390000000000043,30.6,197.3,14.2,28.5,220.9,112.7,34.4,0.0,9.7,22.1,S,2013,3,73,11
2013-03-22,-0.220297,0.8200000000000001,3.7,0.0569,18.7,5740000.0,31.4,9630000.0,20.49000000000001,9.490000000000007,20.05000000000001,9.77000000000004,35.300000000000004,238.4,17.3,36.6,240.1,125.5,47.1,2.2,9.7,17.0,NS,2013,3,81,12
2013-03-30,-0.946943,0.8200000000000001,2.8000000000000003,0.0541,14.2,4370000.0,26.4,8130000.0,17.190000000000055,8.590000000000032,17.510000000000048,9.170000000000016,24.9,200.9,12.8,26.5,194.8,94.8,27.0,0.0,8.9,18.4,NS,2013,3,89,13
2013-04-07,-1.68291,0.8200000000000001,2.8000000000000003,0.0443,12.7,3890000.0,22.9,7040000.0,20.450000000000045,8.970000000000027,20.65000000000004,8.230000000000018,23.700000000000003,198.1,11.0,24.0,207.9,100.7,24.0,0.0,13.9,26.2,NS,2013,4,97,14
2013-04-15,-1.41141,0.84,3.0,0.0431,10.6,3270000.0,19.200000000000003,5940000.0,11.410000000000023,5.190000000000055,12.210000000000036,5.3700000000000045,33.9,269.40000000000003,15.5,35.4,247.4,127.5,42.3,1.2,7.7,14.8,NS,2013,4,105,16
2013-04-23,-1.08754,0.8300000000000001,2.7,0.0415,11.0,3400000.0,18.7,5770000.0,11.170000000000016,6.510000000000048,10.550000000000011,6.270000000000039,50.8,237.8,35.300000000000004,50.6,226.4,119.9,52.2,4.8,8.5,16.5,NS,2013,4,113,17
2013-05-01,-0.740883,0.87,3.7,0.0358,9.2,2840000.0,16.6,5110000.0,11.130000000000052,5.410000000000025,11.470000000000027,5.750000000000057,25.4,193.8,10.3,23.700000000000003,210.8,88.9,27.8,0.0,3.8,13.2,NS,2013,5,121,18
2013-05-09,-1.48269,0.8200000000000001,2.8000000000000003,0.0282,8.0,2460000.0,13.0,4000000.0,12.950000000000044,4.53000000000003,12.250000000000057,4.330000000000041,23.200000000000003,204.4,9.2,22.1,209.5,90.4,20.9,0.2,11.7,21.9,NS,2013,5,129,19
2013-05-17,-1.14827,0.86,5.2,0.0258,7.0,2170000.0,10.6,3270000.0,7.950000000000045,3.9700000000000273,8.170000000000016,3.990000000000009,34.4,299.2,16.8,36.3,286.8,118.9,33.6,4.8,6.1,11.4,NS,2013,5,137,20
2013-05-25,-0.338683,0.88,4.800000000000001,0.0214,7.800000000000001,2420000.0,9.3,2870000.0,8.170000000000016,4.230000000000018,7.690000000000055,3.710000000000037,34.7,282.40000000000003,15.9,35.4,264.3,120.3,35.6,0.6,3.3,15.5,NS,2013,5,145,21
2013-06-02,0.128974,0.85,5.0,0.0192,6.6000000000000005,2040000.0,8.3,2580000.0,6.910000000000025,3.3100000000000023,6.050000000000011,3.1300000000000523,18.6,161.0,8.3,19.200000000000003,146.8,61.1,14.8,1.8,6.8,13.0,NS,2013,6,153,22
2013-06-10,-2.63562,0.33,0.8,0.0189,6.300000000000001,1960000.0,8.0,2470000.0,0.0,2.730000000000018,0.0,2.550000000000012,104.6,262.90000000000003,106.6,107.7,244.3,137.70000000000002,55.400000000000006,0.2,2.2,12.3,S,2013,6,161,24
2013-06-18,-2.56982,0.86,3.6,0.0198,5.1000000000000005,1580000.0,8.4,2620000.0,6.810000000000002,1.8700000000000043,6.770000000000039,2.3700000000000045,21.200000000000003,196.0,10.7,21.9,194.0,81.4,30.0,3.6,5.0,12.0,S,2013,6,169,25
2013-06-26,-3.20887,0.77,2.2,0.0241,6.7,2090000.0,9.4,2900000.0,9.510000000000048,3.990000000000009,9.850000000000025,3.710000000000037,19.8,199.8,9.1,19.9,204.6,82.30000000000001,24.9,0.2,-1.6,13.5,S,2013,6,177,26
2013-07-04,-0.873084,0.66,1.6,0.0197,5.9,1820000.0,8.6,2670000.0,6.930000000000007,1.7700000000000389,6.9500000000000455,0.8700000000000045,19.1,219.0,7.1000000000000005,20.9,215.6,81.30000000000001,27.6,0.0,4.5,10.5,NS,2013,7,185,27
2013-07-12,-3.2695,0.8200000000000001,4.3,0.0188,6.1000000000000005,1900000.0,7.9,2460000.0,8.970000000000027,4.850000000000023,8.370000000000005,4.4500000000000455,27.6,200.3,13.4,26.0,192.6,91.5,31.1,0.0,2.0,12.6,S,2013,7,193,28
2013-07-20,-1.21161,0.89,5.800000000000001,0.0147,5.2,1630000.0,6.800000000000001,2110000.0,8.630000000000052,3.390000000000043,0.0,3.1300000000000523,167.5,384.5,140.70000000000002,170.20000000000002,372.1,256.5,183.9,25.2,2.9,6.8,NS,2013,7,201,29
2013-07-28,-1.20598,0.79,2.5,0.021,6.5,2010000.0,9.7,3020000.0,8.370000000000005,2.730000000000018,8.190000000000055,3.57000000000005,26.3,236.9,10.7,30.6,236.2,103.7,31.3,0.0,5.7,11.1,NS,2013,7,209,30
2013-08-05,0.656098,0.85,3.3000000000000003,0.0277,7.9,2460000.0,13.0,4010000.0,6.750000000000057,1.4700000000000273,6.930000000000007,-0.4499999999999886,33.0,277.3,6.6000000000000005,31.8,261.2,123.0,38.900000000000006,4.0,5.3,12.1,NS,2013,8,217,32
2013-08-13,-1.65897,0.59,1.3,0.0179,6.0,1870000.0,12.1,3760000.0,7.510000000000048,4.490000000000009,6.750000000000057,6.050000000000011,21.0,200.3,8.4,20.1,220.5,95.8,30.5,5.8,1.4,12.4,NS,2013,8,225,33
2013-08-21,-1.29046,0.81,2.7,0.0275,10.1,3130000.0,14.3,4410000.0,8.310000000000002,1.9300000000000068,3.750000000000057,0.0,65.5,264.90000000000003,51.6,68.5,269.3,126.2,52.1,2.4,2.0,10.2,NS,2013,8,233,34
2013-08-29,0.27579,0.88,4.800000000000001,0.0456,15.5,4780000.0,20.700000000000003,6390000.0,15.27000000000004,9.83000000000004,15.490000000000007,9.710000000000036,26.9,188.0,14.0,26.700000000000003,191.3,92.1,33.800000000000004,0.0,10.0,18.7,NS,2013,8,241,35
2013-09-06,1.87329,0.79,3.2,0.036,10.7,3300000.0,19.700000000000003,6110000.0,9.03000000000003,4.610000000000014,8.490000000000009,0.0,29.1,209.8,9.9,27.1,231.1,107.3,40.900000000000006,1.8,6.1,11.3,NS,2013,9,249,36
2013-09-14,-0.46922,0.8200000000000001,3.6,0.0417,13.6,4220000.0,21.700000000000003,6720000.0,13.950000000000044,3.890000000000043,0.0,4.170000000000016,38.7,263.0,13.8,40.400000000000006,277.6,132.70000000000002,50.8,1.8,5.3,13.4,NS,2013,9,257,37
2013-09-22,-0.989128,0.78,3.0,0.0513,14.5,4480000.0,30.3,9370000.0,13.190000000000056,5.510000000000048,13.230000000000018,5.830000000000041,22.200000000000003,186.9,10.8,23.1,210.1,102.6,34.1,2.6,7.9,18.8,NS,2013,9,265,38
2013-09-30,1.49336,0.66,2.1,0.0412,13.0,4010000.0,29.1,9000000.0,10.650000000000034,5.57000000000005,14.010000000000048,5.650000000000034,27.1,162.8,13.9,25.0,186.2,102.9,40.0,0.0,8.8,17.3,NS,2013,9,273,40
2013-10-08,-2.66767,0.72,2.5,0.0554,15.4,4740000.0,35.4,10910000.0,18.07000000000005,7.57000000000005,16.27000000000004,7.770000000000039,36.0,187.5,18.0,31.700000000000003,214.8,135.0,53.7,0.4,6.4,17.6,S,2013,10,281,41
2013-10-16,-0.489908,0.74,3.1,0.0508,16.900000000000002,5200000.0,34.9,10770000.0,13.950000000000044,7.010000000000048,13.090000000000032,7.650000000000034,35.1,199.4,16.7,32.1,217.3,127.4,50.400000000000006,0.0,6.4,23.6,NS,2013,10,289,42
2013-10-24,-3.57526,0.77,3.6,0.061,18.9,5860000.0,36.9,11400000.0,14.03000000000003,4.350000000000023,19.19000000000005,5.730000000000018,36.9,208.7,18.4,32.800000000000004,263.90000000000003,145.6,62.2,7.4,2.5,11.1,S,2013,10,297,43
2013-11-01,-1.60593,0.75,3.3000000000000003,0.0698,21.8,6720000.0,46.5,14310000.0,22.31,7.850000000000023,23.31,7.770000000000039,33.5,169.10000000000002,15.8,29.5,203.8,135.1,58.6,0.0,5.0,21.8,NS,2013,11,305,44
2013-11-09,-4.2545,0.67,2.5,0.0568,17.7,5470000.0,37.9,11710000.0,15.170000000000016,5.650000000000034,12.350000000000025,9.090000000000032,35.5,209.5,23.6,33.1,236.1,131.3,60.6,6.4,6.5,14.1,S,2013,11,313,45
2013-11-17,-4.56545,0.76,3.5,0.073,23.3,7190000.0,43.8,13500000.0,21.03000000000003,9.230000000000018,24.110000000000014,8.750000000000057,34.5,170.3,16.1,29.3,224.6,134.20000000000002,59.5,0.0,8.2,20.1,S,2013,11,321,46
2013-11-25,-4.56607,0.8200000000000001,4.2,0.0802,29.700000000000003,9110000.0,54.3,16650000.0,20.07000000000005,8.090000000000032,20.890000000000043,8.050000000000011,26.6,160.9,11.9,24.200000000000003,207.0,115.3,46.7,2.8,8.1,18.8,S,2013,11,329,48
2013-12-03,-0.0520092,0.78,3.7,0.0712,23.6,7270000.0,44.8,13790000.0,20.07000000000005,6.710000000000036,20.390000000000043,6.7900000000000205,41.5,213.1,19.1,38.0,259.90000000000003,151.8,63.400000000000006,0.0,10.1,29.6,NS,2013,12,337,49
2013-12-11,-2.12131,0.8300000000000001,4.4,0.1005,32.6,10020000.0,58.0,17820000.0,18.890000000000043,8.170000000000016,19.83000000000004,8.390000000000043,47.400000000000006,219.6,21.3,43.5,268.6,158.0,73.8,1.0,6.3,18.6,S,2013,12,345,50
2013-12-19,-0.925597,0.86,4.9,0.0818,33.800000000000004,10360000.0,54.5,16710000.0,27.29000000000002,12.79000000000002,27.850000000000023,9.910000000000023,23.6,169.4,11.2,23.1,194.3,99.7,33.6,0.0,14.7,36.9,NS,2013,12,353,51
2013-12-27,-4.92696,0.8300000000000001,4.3,0.0623,21.4,10520000.0,38.8,19030000.0,21.750000000000057,8.510000000000048,22.73000000000001,9.33000000000004,44.7,231.5,20.6,41.5,274.2,154.0,66.9,0.0,10.3,24.0,S,2013,12,361,52
2014-01-01,0.27697,0.5700000000000001,1.7000000000000002,0.0876,25.5,7850000.0,52.2,16060000.0,13.29000000000002,8.53000000000003,14.470000000000027,8.350000000000023,59.6,260.2,35.6,57.6,284.8,152.70000000000002,62.400000000000006,0.0,12.1,22.0,NS,2014,1,1,1
2014-01-09,-4.81795,0.77,3.5,0.048,20.3,6190000.0,66.60000000000001,20260000.0,29.750000000000057,18.450000000000045,32.05000000000001,20.21000000000004,35.800000000000004,208.8,15.7,33.9,235.3,130.1,47.900000000000006,0.0,11.5,30.4,S,2014,1,9,2
2014-01-17,-1.42589,0.88,5.9,0.1001,39.2,12010000.0,60.7,18590000.0,29.99000000000001,8.670000000000016,27.57000000000005,9.190000000000056,40.900000000000006,232.5,18.7,40.6,239.5,136.8,56.6,0.0,23.3,40.6,NS,2014,1,17,3
2014-01-25,-8.66362,0.85,4.9,0.077,36.0,11000000.0,62.5,19090000.0,28.470000000000027,14.510000000000048,29.870000000000005,15.33000000000004,33.5,224.2,16.6,33.6,222.0,120.6,46.7,2.0,8.9,21.0,S,2014,1,25,4
2014-02-02,-0.548665,0.87,4.9,0.0571,27.1,8270000.0,59.400000000000006,18110000.0,30.670000000000016,14.990000000000007,31.930000000000007,15.750000000000057,31.8,217.0,14.9,31.1,233.0,119.9,37.6,0.0,16.2,40.1,NS,2014,2,33,5
2014-02-10,-9.08808,0.68,2.6,0.057,17.2,5260000.0,41.0,12550000.0,22.350000000000023,10.230000000000018,25.19000000000005,10.130000000000052,23.8,217.5,10.9,25.6,218.6,100.3,29.1,0.0,8.1,24.7,S,2014,2,41,7
2014-02-18,-4.54371,0.88,5.0,0.0849,31.0,9510000.0,45.8,14070000.0,26.090000000000032,10.29000000000002,24.390000000000043,10.710000000000036,37.8,242.5,18.7,38.0,240.0,127.2,49.3,0.0,9.2,30.2,S,2014,2,49,8
2014-02-26,-9.16264,0.86,4.3,0.0833,27.1,8330000.0,42.6,13060000.0,22.250000000000057,9.730000000000018,23.69000000000005,10.950000000000044,33.0,236.8,14.3,31.6,228.1,117.5,43.8,0.0,11.3,21.3,S,2014,2,57,9
2014-03-06,-8.0988,0.87,4.9,0.0608,24.3,7440000.0,35.2,10790000.0,17.890000000000043,11.350000000000025,18.350000000000023,11.07000000000005,30.6,217.5,13.1,29.5,229.1,113.5,29.3,0.4,8.4,20.8,S,2014,3,65,10
2014-03-14,-3.34391,0.85,4.1000000000000005,0.0608,20.5,6310000.0,32.4,9950000.0,21.55000000000001,9.390000000000043,22.69000000000005,9.730000000000018,33.5,249.4,16.2,35.4,248.5,125.9,35.300000000000004,0.0,10.8,27.6,S,2014,3,73,11
2014-03-22,-5.21483,0.78,3.0,0.0601,19.0,5830000.0,28.8,8860000.0,20.870000000000005,9.710000000000036,21.930000000000007,10.77000000000004,18.0,232.2,7.800000000000001,20.8,211.6,94.3,7.0,6.0,5.2,16.6,S,2014,3,81,12
2014-03-30,-2.43364,0.88,4.800000000000001,0.0517,19.200000000000003,5890000.0,26.8,8210000.0,20.090000000000032,11.03000000000003,21.65000000000004,10.250000000000057,24.200000000000003,218.0,11.3,26.5,218.0,108.0,24.3,0.2,10.7,25.8,S,2014,3,89,13
2014-04-07,-3.99946,0.85,3.5,0.0381,11.2,3450000.0,16.6,5120000.0,14.170000000000016,9.470000000000027,14.450000000000044,9.390000000000043,29.4,257.1,14.6,33.4,259.3,124.3,37.2,0.0,8.7,21.3,S,2014,4,97,15
2014-04-15,-5.41105,0.71,2.4000000000000004,0.0358,10.1,3120000.0,19.3,5950000.0,15.230000000000018,7.650000000000034,14.630000000000052,7.03000000000003,21.1,222.0,9.4,22.5,218.7,96.1,24.3,0.0,9.4,18.1,S,2014,4,105,16
2014-04-23,-2.68083,0.9,6.9,0.0355,14.2,4400000.0,16.3,5020000.0,10.590000000000032,3.730000000000018,11.190000000000056,4.210000000000036,35.6,322.40000000000003,12.5,41.900000000000006,309.6,140.4,48.2,3.6,1.0,16.4,S,2014,4,113,17
2014-05-01,-1.66327,0.56,1.2000000000000002,0.0284,11.2,3470000.0,13.6,4230000.0,11.03000000000003,4.230000000000018,10.83000000000004,4.550000000000011,21.8,245.6,7.2,26.1,227.2,95.1,26.200000000000003,0.0,-1.0,11.3,NS,2014,5,121,18
2014-05-09,-0.024491,0.9,6.9,0.0365,14.4,4430000.0,15.5,4770000.0,11.810000000000002,7.590000000000032,11.29000000000002,7.310000000000002,27.6,259.1,13.9,31.5,246.0,125.7,38.8,0.0,5.3,13.2,NS,2014,5,129,19
2014-05-17,0.779449,0.8200000000000001,2.7,0.0262,7.5,2310000.0,10.2,3160000.0,12.07000000000005,9.29000000000002,11.950000000000044,6.770000000000039,21.6,224.8,10.8,22.3,202.3,95.6,30.5,0.0,11.3,17.3,NS,2014,5,137,20
2014-05-25,1.89943,0.9,5.9,0.0211,6.300000000000001,1950000.0,8.200000000000001,2520000.0,10.27000000000004,4.590000000000032,10.130000000000052,4.53000000000003,258.0,460.7000000000001,257.2,260.2,426.4,358.70000000000005,258.7,0.4,7.1,15.3,NS,2014,5,145,21
2014-06-02,-1.9341,0.92,6.1000000000000005,0.023,5.300000000000001,1650000.0,8.5,2630000.0,9.450000000000044,3.010000000000048,9.130000000000052,1.4700000000000273,25.5,267.8,5.4,29.3,249.6,100.7,26.8,5.8,5.1,14.3,S,2014,6,153,23
2014-06-10,-2.70798,0.76,2.2,0.0188,5.0,1530000.0,7.1000000000000005,2200000.0,0.0,3.770000000000039,0.0,3.5300000000000296,78.0,232.3,38.5,75.4,228.6,111.0,51.1,0.2,0.9,12.7,S,2014,6,161,24
2014-06-18,-0.909986,0.85,4.800000000000001,0.0161,4.9,1510000.0,6.300000000000001,1960000.0,6.990000000000009,3.670000000000016,6.970000000000027,1.6100000000000136,24.200000000000003,194.9,10.8,24.4,174.9,78.60000000000001,24.1,0.6,7.2,9.3,NS,2014,6,169,25
2014-06-26,-1.25529,0.87,5.5,0.0162,4.5,1380000.0,6.300000000000001,1960000.0,8.110000000000014,2.390000000000043,8.090000000000032,2.1900000000000546,21.3,218.2,9.6,23.8,201.1,89.0,27.4,5.2,7.1,12.2,NS,2014,6,177,26
2014-07-04,-0.810385,0.77,2.2,0.0132,4.2,1300000.0,5.300000000000001,1650000.0,0.0,2.1900000000000546,0.0,1.7100000000000364,58.6,209.1,57.0,65.10000000000001,206.5,118.2,82.0,0.0,4.2,7.9,NS,2014,7,185,27
2014-07-12,-2.33978,0.8,2.5,0.0157,4.7,1460000.0,6.9,2130000.0,5.57000000000005,1.2300000000000182,5.470000000000027,1.2300000000000182,32.6,219.6,20.8,34.0,222.4,99.4,49.0,8.0,2.2,7.9,S,2014,7,193,28
2014-07-20,-2.46214,0.8300000000000001,2.9000000000000004,0.0185,5.6000000000000005,1730000.0,8.1,2520000.0,6.590000000000032,4.250000000000057,6.07000000000005,5.330000000000041,17.2,205.7,6.800000000000001,20.0,210.0,89.2,10.2,0.0,2.3,10.2,S,2014,7,201,29
2014-07-28,-2.19683,0.87,5.5,0.0234,6.9,2130000.0,11.7,3620000.0,5.9500000000000455,-1.1099999999999568,6.110000000000014,-0.8299999999999841,24.8,245.8,10.1,28.1,250.8,105.2,32.1,0.0,3.3,14.2,S,2014,7,209,31
2014-08-05,-0.546433,0.35,0.8,0.0217,6.6000000000000005,2050000.0,10.5,3270000.0,4.03000000000003,2.07000000000005,4.310000000000002,2.3500000000000227,118.9,310.0,106.0,117.3,311.5,186.7,90.9,0.0,-0.1,11.5,NS,2014,8,217,32
2014-08-13,-4.96596,0.93,6.2,0.0307,9.3,2880000.0,15.2,4700000.0,8.550000000000011,0.0,8.230000000000018,0.0,19.4,206.4,9.4,22.200000000000003,194.3,87.10000000000001,25.700000000000003,1.2,3.2,10.5,S,2014,8,225,33
2014-08-21,-3.17621,0.89,5.7,0.0445,13.5,4170000.0,21.0,6480000.0,13.430000000000009,4.990000000000009,14.83000000000004,5.930000000000007,24.0,228.7,11.3,25.5,233.3,103.1,36.1,0.0,-1.1,13.6,S,2014,8,233,34
2014-08-29,-4.23595,0.87,5.4,0.0385,11.7,3630000.0,19.200000000000003,5930000.0,12.29000000000002,4.090000000000032,12.750000000000057,5.03000000000003,19.8,199.1,8.5,21.0,210.1,97.8,31.8,0.0,1.2,14.9,S,2014,8,241,35
2014-09-06,-3.49175,0.88,5.7,0.0517,16.0,4960000.0,25.700000000000003,7940000.0,12.150000000000034,4.590000000000032,13.010000000000048,4.970000000000027,21.200000000000003,200.1,10.7,23.6,197.1,97.9,36.4,0.0,3.2,16.2,S,2014,9,249,36
2014-09-14,-4.43941,0.87,4.800000000000001,0.0456,14.5,4480000.0,24.5,7580000.0,10.750000000000057,3.9700000000000273,10.710000000000036,4.2900000000000205,31.6,225.9,16.6,32.7,233.8,129.9,49.1,0.0,2.0,17.6,S,2014,9,257,37
2014-09-22,-3.3524,0.78,3.1,0.0628,18.1,5590000.0,34.2,10520000.0,16.190000000000055,9.130000000000052,16.890000000000043,8.590000000000032,32.4,215.3,14.6,33.5,226.6,133.5,50.400000000000006,0.2,-0.6,19.3,S,2014,9,265,39
2014-09-30,-2.59522,0.77,2.9000000000000004,0.0591,17.7,5470000.0,32.9,10140000.0,14.590000000000032,6.07000000000005,16.470000000000027,6.470000000000027,24.200000000000003,189.7,13.3,23.700000000000003,200.7,111.7,42.0,0.0,5.9,19.3,S,2014,9,273,40
2014-10-08,-3.13685,0.85,4.0,0.0658,20.6,6360000.0,36.8,11360000.0,20.610000000000014,7.170000000000016,23.13000000000005,8.330000000000041,28.8,197.9,13.4,27.700000000000003,231.4,129.1,47.5,1.0,5.5,16.3,S,2014,10,281,41
2014-10-16,-5.32419,0.84,3.9,0.0727,23.3,7160000.0,41.7,12830000.0,17.130000000000052,7.450000000000045,18.510000000000048,7.690000000000055,32.4,204.4,14.7,31.4,223.4,136.9,56.0,0.4,6.0,14.2,S,2014,10,289,42
2014-10-24,-2.57119,0.8,3.9,0.0786,24.8,7610000.0,45.900000000000006,14130000.0,18.29000000000002,7.510000000000048,22.15000000000004,7.170000000000016,34.7,216.3,16.3,35.0,260.40000000000003,140.3,54.5,0.0,8.2,27.4,S,2014,10,297,43
2014-11-01,-5.43463,0.85,4.1000000000000005,0.0778,27.0,8310000.0,48.3,14860000.0,19.510000000000048,3.410000000000025,19.53000000000003,1.3900000000000432,33.4,220.0,15.9,30.6,243.4,142.9,52.8,8.4,8.6,11.9,S,2014,11,305,44
2014-11-09,-7.85318,0.6900000000000001,2.7,0.0613,18.0,5530000.0,47.6,14640000.0,19.870000000000005,6.770000000000039,17.890000000000043,6.510000000000048,27.200000000000003,187.7,13.8,26.700000000000003,202.4,116.7,48.1,0.2,8.2,20.3,S,2014,11,313,45
2014-11-17,-5.98286,0.85,4.800000000000001,0.0745,28.9,8860000.0,45.900000000000006,14080000.0,19.81,8.270000000000039,19.670000000000016,8.130000000000052,18.7,180.3,7.7,18.9,204.5,103.6,36.1,1.0,7.4,18.6,S,2014,11,321,47
2014-11-25,-6.54542,0.77,3.5,0.0834,27.3,8390000.0,57.900000000000006,17760000.0,25.390000000000043,9.250000000000057,26.81,9.310000000000002,34.6,198.9,16.1,32.4,245.9,145.70000000000002,59.3,13.0,4.9,18.4,S,2014,11,329,48
2014-12-03,-3.5788,0.61,2.4000000000000004,0.0546,18.5,5690000.0,39.400000000000006,12110000.0,20.05000000000001,12.610000000000014,23.350000000000023,13.250000000000057,17.900000000000002,169.70000000000002,9.5,18.8,180.8,97.4,29.6,0.0,13.4,24.0,S,2014,12,337,49
2014-12-11,-5.24813,0.85,4.800000000000001,0.0972,36.8,11300000.0,62.1,19050000.0,24.33000000000004,11.450000000000044,25.77000000000004,11.29000000000002,34.300000000000004,187.1,17.0,31.6,239.1,144.3,59.400000000000006,0.0,10.8,21.3,S,2014,12,345,50
2014-12-19,-6.67464,0.86,4.800000000000001,0.0999,36.0,11040000.0,58.0,17800000.0,20.79000000000002,8.410000000000025,20.850000000000023,8.610000000000014,37.8,208.5,17.7,36.6,259.5,152.4,61.8,3.4,5.8,19.4,S,2014,12,353,51
2014-12-27,-6.29074,0.8300000000000001,4.3,0.0579,21.3,10450000.0,37.7,18510000.0,22.970000000000027,9.33000000000004,23.930000000000007,9.690000000000056,36.6,198.2,18.3,33.7,237.0,137.5,55.3,0.0,4.8,24.3,S,2014,12,361,52
